observation,data_marking,statistical_unit_eng,statistical_unit_cym,measure_type_eng,measure_type_cym,observation_type,empty,obs_type_value,unit_multiplier,unit_of_measure_eng,unit_of_measure_cym,confidentuality,empty1,geographic_area,empty2,empty3,time_dim_item_id,time_dim_item_label_eng,time_dim_item_label_cym,time_type,empty4,statistical_population_id,statistical_population_label_eng,statistical_population_label_cym,cdid,cdiddescrip,empty5,empty6,empty7,empty8,empty9,empty10,empty11,empty12,dim_id_1,dimension_label_eng_1,dimension_label_cym_1,dim_item_id_1,dimension_item_label_eng_1,dimension_item_label_cym_1,is_total_1,is_sub_total_1,dim_id_2,dimension_label_eng_2,dimension_label_cym_2,dim_item_id_2,dimension_item_label_eng_2,dimension_item_label_cym_2,is_total_2,is_sub_total_2,dim_id_3,dimension_label_eng_3,dimension_label_cym_3,dim_item_id_3,dimension_item_label_eng_3,dimension_item_label_cym_3,is_total_3,is_sub_total_3,dim_id_4,dimension_label_eng_4,dimension_label_cym_4,dim_item_id_4,dimension_item_label_eng_4,dimension_item_label_cym_4,is_total_4,is_sub_total_4,dim_id_5,dimension_label_eng_5,dimension_label_cym_5,dim_item_id_5,dimension_item_label_eng_5,dimension_item_label_cym_5,is_total_5,is_sub_total_5
1118.7976829,,,,,,,,,,,,,,,,,,,,,,,,,,,,,,,,,,,Type,Type,,Earnings in the UK and expenditure abroad by month,Earnings in the UK and expenditure abroad by month,,,,SA / NSA,SA / NSA,,NSA,NSA,,,,Area,Area,,,,,,,Year,Year,,2012.0,2012.0,,,,Month,Month,,Jan,Jan,,,
1490.0,,,,,,,,,,,,,,,,,,,,,,,,,,,,,,,,,,,Type,Type,,Earnings in the UK and expenditure abroad by month,Earnings in the UK and expenditure abroad by month,,,,SA / NSA,SA / NSA,,SA,SA,,,,Area,Area,,,,,,,Year,Year,,2012.0,2012.0,,,,Month,Month,,Jan,Jan,,,
1904.13390339,,,,,,,,,,,,,,,,,,,,,,,,,,,,,,,,,,,Type,Type,,Earnings in the UK and expenditure abroad by month,Earnings in the UK and expenditure abroad by month,,,,SA / NSA,SA / NSA,,NSA,NSA,,,,Area,Area,,Expenditure,Expenditure,,,,Year,Year,,2012.0,2012.0,,,,Month,Month,,Jan,Jan,,,
2470.0,,,,,,,,,,,,,,,,,,,,,,,,,,,,,,,,,,,Type,Type,,Earnings in the UK and expenditure abroad by month,Earnings in the UK and expenditure abroad by month,,,,SA / NSA,SA / NSA,,SA,SA,,,,Area,Area,,Expenditure,Expenditure,,,,Year,Year,,2012.0,2012.0,,,,Month,Month,,Jan,Jan,,,
950.189660582,,,,,,,,,,,,,,,,,,,,,,,,,,,,,,,,,,,Type,Type,,Earnings in the UK and expenditure abroad by month,Earnings in the UK and expenditure abroad by month,,,,SA / NSA,SA / NSA,,NSA,NSA,,,,Area,Area,,,,,,,Year,Year,,2012.0,2012.0,,,,Month,Month,,Feb,Feb,,,
1450.0,,,,,,,,,,,,,,,,,,,,,,,,,,,,,,,,,,,Type,Type,,Earnings in the UK and expenditure abroad by month,Earnings in the UK and expenditure abroad by month,,,,SA / NSA,SA / NSA,,SA,SA,,,,Area,Area,,,,,,,Year,Year,,2012.0,2012.0,,,,Month,Month,,Feb,Feb,,,
1853.14742158,,,,,,,,,,,,,,,,,,,,,,,,,,,,,,,,,,,Type,Type,,Earnings in the UK and expenditure abroad by month,Earnings in the UK and expenditure abroad by month,,,,SA / NSA,SA / NSA,,NSA,NSA,,,,Area,Area,,Expenditure,Expenditure,,,,Year,Year,,2012.0,2012.0,,,,Month,Month,,Feb,Feb,,,
2610.0,,,,,,,,,,,,,,,,,,,,,,,,,,,,,,,,,,,Type,Type,,Earnings in the UK and expenditure abroad by month,Earnings in the UK and expenditure abroad by month,,,,SA / NSA,SA / NSA,,SA,SA,,,,Area,Area,,Expenditure,Expenditure,,,,Year,Year,,2012.0,2012.0,,,,Month,Month,,Feb,Feb,,,
1142.72534053,,,,,,,,,,,,,,,,,,,,,,,,,,,,,,,,,,,Type,Type,,Earnings in the UK and expenditure abroad by month,Earnings in the UK and expenditure abroad by month,,,,SA / NSA,SA / NSA,,NSA,NSA,,,,Area,Area,,,,,,,Year,Year,,2012.0,2012.0,,,,Month,Month,,Mar,Mar,,,
1500.0,,,,,,,,,,,,,,,,,,,,,,,,,,,,,,,,,,,Type,Type,,Earnings in the UK and expenditure abroad by month,Earnings in the UK and expenditure abroad by month,,,,SA / NSA,SA / NSA,,SA,SA,,,,Area,Area,,,,,,,Year,Year,,2012.0,2012.0,,,,Month,Month,,Mar,Mar,,,
2150.7515399,,,,,,,,,,,,,,,,,,,,,,,,,,,,,,,,,,,Type,Type,,Earnings in the UK and expenditure abroad by month,Earnings in the UK and expenditure abroad by month,,,,SA / NSA,SA / NSA,,NSA,NSA,,,,Area,Area,,Expenditure,Expenditure,,,,Year,Year,,2012.0,2012.0,,,,Month,Month,,Mar,Mar,,,
2660.0,,,,,,,,,,,,,,,,,,,,,,,,,,,,,,,,,,,Type,Type,,Earnings in the UK and expenditure abroad by month,Earnings in the UK and expenditure abroad by month,,,,SA / NSA,SA / NSA,,SA,SA,,,,Area,Area,,Expenditure,Expenditure,,,,Year,Year,,2012.0,2012.0,,,,Month,Month,,Mar,Mar,,,
1443.39882534,,,,,,,,,,,,,,,,,,,,,,,,,,,,,,,,,,,Type,Type,,Earnings in the UK and expenditure abroad by month,Earnings in the UK and expenditure abroad by month,,,,SA / NSA,SA / NSA,,NSA,NSA,,,,Area,Area,,,,,,,Year,Year,,2012.0,2012.0,,,,Month,Month,,Apr,Apr,,,
1600.0,,,,,,,,,,,,,,,,,,,,,,,,,,,,,,,,,,,Type,Type,,Earnings in the UK and expenditure abroad by month,Earnings in the UK and expenditure abroad by month,,,,SA / NSA,SA / NSA,,SA,SA,,,,Area,Area,,,,,,,Year,Year,,2012.0,2012.0,,,,Month,Month,,Apr,Apr,,,
2717.43735175,,,,,,,,,,,,,,,,,,,,,,,,,,,,,,,,,,,Type,Type,,Earnings in the UK and expenditure abroad by month,Earnings in the UK and expenditure abroad by month,,,,SA / NSA,SA / NSA,,NSA,NSA,,,,Area,Area,,Expenditure,Expenditure,,,,Year,Year,,2012.0,2012.0,,,,Month,Month,,Apr,Apr,,,
2830.0,,,,,,,,,,,,,,,,,,,,,,,,,,,,,,,,,,,Type,Type,,Earnings in the UK and expenditure abroad by month,Earnings in the UK and expenditure abroad by month,,,,SA / NSA,SA / NSA,,SA,SA,,,,Area,Area,,Expenditure,Expenditure,,,,Year,Year,,2012.0,2012.0,,,,Month,Month,,Apr,Apr,,,
1594.08438695,,,,,,,,,,,,,,,,,,,,,,,,,,,,,,,,,,,Type,Type,,Earnings in the UK and expenditure abroad by month,Earnings in the UK and expenditure abroad by month,,,,SA / NSA,SA / NSA,,NSA,NSA,,,,Area,Area,,,,,,,Year,Year,,2012.0,2012.0,,,,Month,Month,,May,May,,,
1600.0,,,,,,,,,,,,,,,,,,,,,,,,,,,,,,,,,,,Type,Type,,Earnings in the UK and expenditure abroad by month,Earnings in the UK and expenditure abroad by month,,,,SA / NSA,SA / NSA,,SA,SA,,,,Area,Area,,,,,,,Year,Year,,2012.0,2012.0,,,,Month,Month,,May,May,,,
2580.53389135,,,,,,,,,,,,,,,,,,,,,,,,,,,,,,,,,,,Type,Type,,Earnings in the UK and expenditure abroad by month,Earnings in the UK and expenditure abroad by month,,,,SA / NSA,SA / NSA,,NSA,NSA,,,,Area,Area,,Expenditure,Expenditure,,,,Year,Year,,2012.0,2012.0,,,,Month,Month,,May,May,,,
2610.0,,,,,,,,,,,,,,,,,,,,,,,,,,,,,,,,,,,Type,Type,,Earnings in the UK and expenditure abroad by month,Earnings in the UK and expenditure abroad by month,,,,SA / NSA,SA / NSA,,SA,SA,,,,Area,Area,,Expenditure,Expenditure,,,,Year,Year,,2012.0,2012.0,,,,Month,Month,,May,May,,,
1623.61502287,,,,,,,,,,,,,,,,,,,,,,,,,,,,,,,,,,,Type,Type,,Earnings in the UK and expenditure abroad by month,Earnings in the UK and expenditure abroad by month,,,,SA / NSA,SA / NSA,,NSA,NSA,,,,Area,Area,,,,,,,Year,Year,,2012.0,2012.0,,,,Month,Month,,Jun,Jun,,,
1450.0,,,,,,,,,,,,,,,,,,,,,,,,,,,,,,,,,,,Type,Type,,Earnings in the UK and expenditure abroad by month,Earnings in the UK and expenditure abroad by month,,,,SA / NSA,SA / NSA,,SA,SA,,,,Area,Area,,,,,,,Year,Year,,2012.0,2012.0,,,,Month,Month,,Jun,Jun,,,
3300.80680466,,,,,,,,,,,,,,,,,,,,,,,,,,,,,,,,,,,Type,Type,,Earnings in the UK and expenditure abroad by month,Earnings in the UK and expenditure abroad by month,,,,SA / NSA,SA / NSA,,NSA,NSA,,,,Area,Area,,Expenditure,Expenditure,,,,Year,Year,,2012.0,2012.0,,,,Month,Month,,Jun,Jun,,,
2800.0,,,,,,,,,,,,,,,,,,,,,,,,,,,,,,,,,,,Type,Type,,Earnings in the UK and expenditure abroad by month,Earnings in the UK and expenditure abroad by month,,,,SA / NSA,SA / NSA,,SA,SA,,,,Area,Area,,Expenditure,Expenditure,,,,Year,Year,,2012.0,2012.0,,,,Month,Month,,Jun,Jun,,,
2054.5754597,,,,,,,,,,,,,,,,,,,,,,,,,,,,,,,,,,,Type,Type,,Earnings in the UK and expenditure abroad by month,Earnings in the UK and expenditure abroad by month,,,,SA / NSA,SA / NSA,,NSA,NSA,,,,Area,Area,,,,,,,Year,Year,,2012.0,2012.0,,,,Month,Month,,Jul,Jul,,,
1470.0,,,,,,,,,,,,,,,,,,,,,,,,,,,,,,,,,,,Type,Type,,Earnings in the UK and expenditure abroad by month,Earnings in the UK and expenditure abroad by month,,,,SA / NSA,SA / NSA,,SA,SA,,,,Area,Area,,,,,,,Year,Year,,2012.0,2012.0,,,,Month,Month,,Jul,Jul,,,
3490.32595928,,,,,,,,,,,,,,,,,,,,,,,,,,,,,,,,,,,Type,Type,,Earnings in the UK and expenditure abroad by month,Earnings in the UK and expenditure abroad by month,,,,SA / NSA,SA / NSA,,NSA,NSA,,,,Area,Area,,Expenditure,Expenditure,,,,Year,Year,,2012.0,2012.0,,,,Month,Month,,Jul,Jul,,,
2780.0,,,,,,,,,,,,,,,,,,,,,,,,,,,,,,,,,,,Type,Type,,Earnings in the UK and expenditure abroad by month,Earnings in the UK and expenditure abroad by month,,,,SA / NSA,SA / NSA,,SA,SA,,,,Area,Area,,Expenditure,Expenditure,,,,Year,Year,,2012.0,2012.0,,,,Month,Month,,Jul,Jul,,,
2431.83636311,,,,,,,,,,,,,,,,,,,,,,,,,,,,,,,,,,,Type,Type,,Earnings in the UK and expenditure abroad by month,Earnings in the UK and expenditure abroad by month,,,,SA / NSA,SA / NSA,,NSA,NSA,,,,Area,Area,,,,,,,Year,Year,,2012.0,2012.0,,,,Month,Month,,Aug,Aug,,,
1740.0,,,,,,,,,,,,,,,,,,,,,,,,,,,,,,,,,,,Type,Type,,Earnings in the UK and expenditure abroad by month,Earnings in the UK and expenditure abroad by month,,,,SA / NSA,SA / NSA,,SA,SA,,,,Area,Area,,,,,,,Year,Year,,2012.0,2012.0,,,,Month,Month,,Aug,Aug,,,
4415.71358922,,,,,,,,,,,,,,,,,,,,,,,,,,,,,,,,,,,Type,Type,,Earnings in the UK and expenditure abroad by month,Earnings in the UK and expenditure abroad by month,,,,SA / NSA,SA / NSA,,NSA,NSA,,,,Area,Area,,Expenditure,Expenditure,,,,Year,Year,,2012.0,2012.0,,,,Month,Month,,Aug,Aug,,,
2690.0,,,,,,,,,,,,,,,,,,,,,,,,,,,,,,,,,,,Type,Type,,Earnings in the UK and expenditure abroad by month,Earnings in the UK and expenditure abroad by month,,,,SA / NSA,SA / NSA,,SA,SA,,,,Area,Area,,Expenditure,Expenditure,,,,Year,Year,,2012.0,2012.0,,,,Month,Month,,Aug,Aug,,,
1987.9469659,,,,,,,,,,,,,,,,,,,,,,,,,,,,,,,,,,,Type,Type,,Earnings in the UK and expenditure abroad by month,Earnings in the UK and expenditure abroad by month,,,,SA / NSA,SA / NSA,,NSA,NSA,,,,Area,Area,,,,,,,Year,Year,,2012.0,2012.0,,,,Month,Month,,Sep,Sep,,,
1650.0,,,,,,,,,,,,,,,,,,,,,,,,,,,,,,,,,,,Type,Type,,Earnings in the UK and expenditure abroad by month,Earnings in the UK and expenditure abroad by month,,,,SA / NSA,SA / NSA,,SA,SA,,,,Area,Area,,,,,,,Year,Year,,2012.0,2012.0,,,,Month,Month,,Sep,Sep,,,
3854.13712791,,,,,,,,,,,,,,,,,,,,,,,,,,,,,,,,,,,Type,Type,,Earnings in the UK and expenditure abroad by month,Earnings in the UK and expenditure abroad by month,,,,SA / NSA,SA / NSA,,NSA,NSA,,,,Area,Area,,Expenditure,Expenditure,,,,Year,Year,,2012.0,2012.0,,,,Month,Month,,Sep,Sep,,,
2740.0,,,,,,,,,,,,,,,,,,,,,,,,,,,,,,,,,,,Type,Type,,Earnings in the UK and expenditure abroad by month,Earnings in the UK and expenditure abroad by month,,,,SA / NSA,SA / NSA,,SA,SA,,,,Area,Area,,Expenditure,Expenditure,,,,Year,Year,,2012.0,2012.0,,,,Month,Month,,Sep,Sep,,,
1524.36302704,,,,,,,,,,,,,,,,,,,,,,,,,,,,,,,,,,,Type,Type,,Earnings in the UK and expenditure abroad by month,Earnings in the UK and expenditure abroad by month,,,,SA / NSA,SA / NSA,,NSA,NSA,,,,Area,Area,,,,,,,Year,Year,,2012.0,2012.0,,,,Month,Month,,Oct,Oct,,,
1440.0,,,,,,,,,,,,,,,,,,,,,,,,,,,,,,,,,,,Type,Type,,Earnings in the UK and expenditure abroad by month,Earnings in the UK and expenditure abroad by month,,,,SA / NSA,SA / NSA,,SA,SA,,,,Area,Area,,,,,,,Year,Year,,2012.0,2012.0,,,,Month,Month,,Oct,Oct,,,
2747.43084136,,,,,,,,,,,,,,,,,,,,,,,,,,,,,,,,,,,Type,Type,,Earnings in the UK and expenditure abroad by month,Earnings in the UK and expenditure abroad by month,,,,SA / NSA,SA / NSA,,NSA,NSA,,,,Area,Area,,Expenditure,Expenditure,,,,Year,Year,,2012.0,2012.0,,,,Month,Month,,Oct,Oct,,,
2670.0,,,,,,,,,,,,,,,,,,,,,,,,,,,,,,,,,,,Type,Type,,Earnings in the UK and expenditure abroad by month,Earnings in the UK and expenditure abroad by month,,,,SA / NSA,SA / NSA,,SA,SA,,,,Area,Area,,Expenditure,Expenditure,,,,Year,Year,,2012.0,2012.0,,,,Month,Month,,Oct,Oct,,,
1306.33379335,,,,,,,,,,,,,,,,,,,,,,,,,,,,,,,,,,,Type,Type,,Earnings in the UK and expenditure abroad by month,Earnings in the UK and expenditure abroad by month,,,,SA / NSA,SA / NSA,,NSA,NSA,,,,Area,Area,,,,,,,Year,Year,,2012.0,2012.0,,,,Month,Month,,Nov,Nov,,,
1520.0,,,,,,,,,,,,,,,,,,,,,,,,,,,,,,,,,,,Type,Type,,Earnings in the UK and expenditure abroad by month,Earnings in the UK and expenditure abroad by month,,,,SA / NSA,SA / NSA,,SA,SA,,,,Area,Area,,,,,,,Year,Year,,2012.0,2012.0,,,,Month,Month,,Nov,Nov,,,
1815.55592428,,,,,,,,,,,,,,,,,,,,,,,,,,,,,,,,,,,Type,Type,,Earnings in the UK and expenditure abroad by month,Earnings in the UK and expenditure abroad by month,,,,SA / NSA,SA / NSA,,NSA,NSA,,,,Area,Area,,Expenditure,Expenditure,,,,Year,Year,,2012.0,2012.0,,,,Month,Month,,Nov,Nov,,,
2710.0,,,,,,,,,,,,,,,,,,,,,,,,,,,,,,,,,,,Type,Type,,Earnings in the UK and expenditure abroad by month,Earnings in the UK and expenditure abroad by month,,,,SA / NSA,SA / NSA,,SA,SA,,,,Area,Area,,Expenditure,Expenditure,,,,Year,Year,,2012.0,2012.0,,,,Month,Month,,Nov,Nov,,,
1461.85475626,,,,,,,,,,,,,,,,,,,,,,,,,,,,,,,,,,,Type,Type,,Earnings in the UK and expenditure abroad by month,Earnings in the UK and expenditure abroad by month,,,,SA / NSA,SA / NSA,,NSA,NSA,,,,Area,Area,,,,,,,Year,Year,,2012.0,2012.0,,,,Month,Month,,Dec,Dec,,,
1570.0,,,,,,,,,,,,,,,,,,,,,,,,,,,,,,,,,,,Type,Type,,Earnings in the UK and expenditure abroad by month,Earnings in the UK and expenditure abroad by month,,,,SA / NSA,SA / NSA,,SA,SA,,,,Area,Area,,,,,,,Year,Year,,2012.0,2012.0,,,,Month,Month,,Dec,Dec,,,
1619.84746385,,,,,,,,,,,,,,,,,,,,,,,,,,,,,,,,,,,Type,Type,,Earnings in the UK and expenditure abroad by month,Earnings in the UK and expenditure abroad by month,,,,SA / NSA,SA / NSA,,NSA,NSA,,,,Area,Area,,Expenditure,Expenditure,,,,Year,Year,,2012.0,2012.0,,,,Month,Month,,Dec,Dec,,,
2690.0,,,,,,,,,,,,,,,,,,,,,,,,,,,,,,,,,,,Type,Type,,Earnings in the UK and expenditure abroad by month,Earnings in the UK and expenditure abroad by month,,,,SA / NSA,SA / NSA,,SA,SA,,,,Area,Area,,Expenditure,Expenditure,,,,Year,Year,,2012.0,2012.0,,,,Month,Month,,Dec,Dec,,,
1245.00871561,,,,,,,,,,,,,,,,,,,,,,,,,,,,,,,,,,,Type,Type,,Earnings in the UK and expenditure abroad by month,Earnings in the UK and expenditure abroad by month,,,,SA / NSA,SA / NSA,,NSA,NSA,,,,Area,Area,,,,,,,Year,Year,,2013.0,2013.0,,,,Month,Month,,Jan,Jan,,,
1680.0,,,,,,,,,,,,,,,,,,,,,,,,,,,,,,,,,,,Type,Type,,Earnings in the UK and expenditure abroad by month,Earnings in the UK and expenditure abroad by month,,,,SA / NSA,SA / NSA,,SA,SA,,,,Area,Area,,,,,,,Year,Year,,2013.0,2013.0,,,,Month,Month,,Jan,Jan,,,
2051.63600485,,,,,,,,,,,,,,,,,,,,,,,,,,,,,,,,,,,Type,Type,,Earnings in the UK and expenditure abroad by month,Earnings in the UK and expenditure abroad by month,,,,SA / NSA,SA / NSA,,NSA,NSA,,,,Area,Area,,Expenditure,Expenditure,,,,Year,Year,,2013.0,2013.0,,,,Month,Month,,Jan,Jan,,,
2700.0,,,,,,,,,,,,,,,,,,,,,,,,,,,,,,,,,,,Type,Type,,Earnings in the UK and expenditure abroad by month,Earnings in the UK and expenditure abroad by month,,,,SA / NSA,SA / NSA,,SA,SA,,,,Area,Area,,Expenditure,Expenditure,,,,Year,Year,,2013.0,2013.0,,,,Month,Month,,Jan,Jan,,,
1045.86352908,,,,,,,,,,,,,,,,,,,,,,,,,,,,,,,,,,,Type,Type,,Earnings in the UK and expenditure abroad by month,Earnings in the UK and expenditure abroad by month,,,,SA / NSA,SA / NSA,,NSA,NSA,,,,Area,Area,,,,,,,Year,Year,,2013.0,2013.0,,,,Month,Month,,Feb,Feb,,,
1660.0,,,,,,,,,,,,,,,,,,,,,,,,,,,,,,,,,,,Type,Type,,Earnings in the UK and expenditure abroad by month,Earnings in the UK and expenditure abroad by month,,,,SA / NSA,SA / NSA,,SA,SA,,,,Area,Area,,,,,,,Year,Year,,2013.0,2013.0,,,,Month,Month,,Feb,Feb,,,
1825.97098972,,,,,,,,,,,,,,,,,,,,,,,,,,,,,,,,,,,Type,Type,,Earnings in the UK and expenditure abroad by month,Earnings in the UK and expenditure abroad by month,,,,SA / NSA,SA / NSA,,NSA,NSA,,,,Area,Area,,Expenditure,Expenditure,,,,Year,Year,,2013.0,2013.0,,,,Month,Month,,Feb,Feb,,,
2690.0,,,,,,,,,,,,,,,,,,,,,,,,,,,,,,,,,,,Type,Type,,Earnings in the UK and expenditure abroad by month,Earnings in the UK and expenditure abroad by month,,,,SA / NSA,SA / NSA,,SA,SA,,,,Area,Area,,Expenditure,Expenditure,,,,Year,Year,,2013.0,2013.0,,,,Month,Month,,Feb,Feb,,,
1300.11949106,,,,,,,,,,,,,,,,,,,,,,,,,,,,,,,,,,,Type,Type,,Earnings in the UK and expenditure abroad by month,Earnings in the UK and expenditure abroad by month,,,,SA / NSA,SA / NSA,,NSA,NSA,,,,Area,Area,,,,,,,Year,Year,,2013.0,2013.0,,,,Month,Month,,Mar,Mar,,,
1700.0,,,,,,,,,,,,,,,,,,,,,,,,,,,,,,,,,,,Type,Type,,Earnings in the UK and expenditure abroad by month,Earnings in the UK and expenditure abroad by month,,,,SA / NSA,SA / NSA,,SA,SA,,,,Area,Area,,,,,,,Year,Year,,2013.0,2013.0,,,,Month,Month,,Mar,Mar,,,
2142.23760537,,,,,,,,,,,,,,,,,,,,,,,,,,,,,,,,,,,Type,Type,,Earnings in the UK and expenditure abroad by month,Earnings in the UK and expenditure abroad by month,,,,SA / NSA,SA / NSA,,NSA,NSA,,,,Area,Area,,Expenditure,Expenditure,,,,Year,Year,,2013.0,2013.0,,,,Month,Month,,Mar,Mar,,,
2640.0,,,,,,,,,,,,,,,,,,,,,,,,,,,,,,,,,,,Type,Type,,Earnings in the UK and expenditure abroad by month,Earnings in the UK and expenditure abroad by month,,,,SA / NSA,SA / NSA,,SA,SA,,,,Area,Area,,Expenditure,Expenditure,,,,Year,Year,,2013.0,2013.0,,,,Month,Month,,Mar,Mar,,,
1677.44759565,,,,,,,,,,,,,,,,,,,,,,,,,,,,,,,,,,,Type,Type,,Earnings in the UK and expenditure abroad by month,Earnings in the UK and expenditure abroad by month,,,,SA / NSA,SA / NSA,,NSA,NSA,,,,Area,Area,,,,,,,Year,Year,,2013.0,2013.0,,,,Month,Month,,Apr,Apr,,,
1900.0,,,,,,,,,,,,,,,,,,,,,,,,,,,,,,,,,,,Type,Type,,Earnings in the UK and expenditure abroad by month,Earnings in the UK and expenditure abroad by month,,,,SA / NSA,SA / NSA,,SA,SA,,,,Area,Area,,,,,,,Year,Year,,2013.0,2013.0,,,,Month,Month,,Apr,Apr,,,
2819.49789373,,,,,,,,,,,,,,,,,,,,,,,,,,,,,,,,,,,Type,Type,,Earnings in the UK and expenditure abroad by month,Earnings in the UK and expenditure abroad by month,,,,SA / NSA,SA / NSA,,NSA,NSA,,,,Area,Area,,Expenditure,Expenditure,,,,Year,Year,,2013.0,2013.0,,,,Month,Month,,Apr,Apr,,,
2970.0,,,,,,,,,,,,,,,,,,,,,,,,,,,,,,,,,,,Type,Type,,Earnings in the UK and expenditure abroad by month,Earnings in the UK and expenditure abroad by month,,,,SA / NSA,SA / NSA,,SA,SA,,,,Area,Area,,Expenditure,Expenditure,,,,Year,Year,,2013.0,2013.0,,,,Month,Month,,Apr,Apr,,,
1722.93577414,,,,,,,,,,,,,,,,,,,,,,,,,,,,,,,,,,,Type,Type,,Earnings in the UK and expenditure abroad by month,Earnings in the UK and expenditure abroad by month,,,,SA / NSA,SA / NSA,,NSA,NSA,,,,Area,Area,,,,,,,Year,Year,,2013.0,2013.0,,,,Month,Month,,May,May,,,
1720.0,,,,,,,,,,,,,,,,,,,,,,,,,,,,,,,,,,,Type,Type,,Earnings in the UK and expenditure abroad by month,Earnings in the UK and expenditure abroad by month,,,,SA / NSA,SA / NSA,,SA,SA,,,,Area,Area,,,,,,,Year,Year,,2013.0,2013.0,,,,Month,Month,,May,May,,,
3013.10968507,,,,,,,,,,,,,,,,,,,,,,,,,,,,,,,,,,,Type,Type,,Earnings in the UK and expenditure abroad by month,Earnings in the UK and expenditure abroad by month,,,,SA / NSA,SA / NSA,,NSA,NSA,,,,Area,Area,,Expenditure,Expenditure,,,,Year,Year,,2013.0,2013.0,,,,Month,Month,,May,May,,,
3000.0,,,,,,,,,,,,,,,,,,,,,,,,,,,,,,,,,,,Type,Type,,Earnings in the UK and expenditure abroad by month,Earnings in the UK and expenditure abroad by month,,,,SA / NSA,SA / NSA,,SA,SA,,,,Area,Area,,Expenditure,Expenditure,,,,Year,Year,,2013.0,2013.0,,,,Month,Month,,May,May,,,
1894.11196848,,,,,,,,,,,,,,,,,,,,,,,,,,,,,,,,,,,Type,Type,,Earnings in the UK and expenditure abroad by month,Earnings in the UK and expenditure abroad by month,,,,SA / NSA,SA / NSA,,NSA,NSA,,,,Area,Area,,,,,,,Year,Year,,2013.0,2013.0,,,,Month,Month,,June,June,,,
1670.0,,,,,,,,,,,,,,,,,,,,,,,,,,,,,,,,,,,Type,Type,,Earnings in the UK and expenditure abroad by month,Earnings in the UK and expenditure abroad by month,,,,SA / NSA,SA / NSA,,SA,SA,,,,Area,Area,,,,,,,Year,Year,,2013.0,2013.0,,,,Month,Month,,June,June,,,
3479.26634654,,,,,,,,,,,,,,,,,,,,,,,,,,,,,,,,,,,Type,Type,,Earnings in the UK and expenditure abroad by month,Earnings in the UK and expenditure abroad by month,,,,SA / NSA,SA / NSA,,NSA,NSA,,,,Area,Area,,Expenditure,Expenditure,,,,Year,Year,,2013.0,2013.0,,,,Month,Month,,June,June,,,
2890.0,,,,,,,,,,,,,,,,,,,,,,,,,,,,,,,,,,,Type,Type,,Earnings in the UK and expenditure abroad by month,Earnings in the UK and expenditure abroad by month,,,,SA / NSA,SA / NSA,,SA,SA,,,,Area,Area,,Expenditure,Expenditure,,,,Year,Year,,2013.0,2013.0,,,,Month,Month,,June,June,,,
2550.01535007,,,,,,,,,,,,,,,,,,,,,,,,,,,,,,,,,,,Type,Type,,Earnings in the UK and expenditure abroad by month,Earnings in the UK and expenditure abroad by month,,,,SA / NSA,SA / NSA,,NSA,NSA,,,,Area,Area,,,,,,,Year,Year,,2013.0,2013.0,,,,Month,Month,,July,July,,,
1830.0,,,,,,,,,,,,,,,,,,,,,,,,,,,,,,,,,,,Type,Type,,Earnings in the UK and expenditure abroad by month,Earnings in the UK and expenditure abroad by month,,,,SA / NSA,SA / NSA,,SA,SA,,,,Area,Area,,,,,,,Year,Year,,2013.0,2013.0,,,,Month,Month,,July,July,,,
3548.64240964,,,,,,,,,,,,,,,,,,,,,,,,,,,,,,,,,,,Type,Type,,Earnings in the UK and expenditure abroad by month,Earnings in the UK and expenditure abroad by month,,,,SA / NSA,SA / NSA,,NSA,NSA,,,,Area,Area,,Expenditure,Expenditure,,,,Year,Year,,2013.0,2013.0,,,,Month,Month,,July,July,,,
2880.0,,,,,,,,,,,,,,,,,,,,,,,,,,,,,,,,,,,Type,Type,,Earnings in the UK and expenditure abroad by month,Earnings in the UK and expenditure abroad by month,,,,SA / NSA,SA / NSA,,SA,SA,,,,Area,Area,,Expenditure,Expenditure,,,,Year,Year,,2013.0,2013.0,,,,Month,Month,,July,July,,,
2432.6128673,,,,,,,,,,,,,,,,,,,,,,,,,,,,,,,,,,,Type,Type,,Earnings in the UK and expenditure abroad by month,Earnings in the UK and expenditure abroad by month,,,,SA / NSA,SA / NSA,,NSA,NSA,,,,Area,Area,,,,,,,Year,Year,,2013.0,2013.0,,,,Month,Month,,Aug,Aug,,,
1730.0,,,,,,,,,,,,,,,,,,,,,,,,,,,,,,,,,,,Type,Type,,Earnings in the UK and expenditure abroad by month,Earnings in the UK and expenditure abroad by month,,,,SA / NSA,SA / NSA,,SA,SA,,,,Area,Area,,,,,,,Year,Year,,2013.0,2013.0,,,,Month,Month,,Aug,Aug,,,
4969.6302677,,,,,,,,,,,,,,,,,,,,,,,,,,,,,,,,,,,Type,Type,,Earnings in the UK and expenditure abroad by month,Earnings in the UK and expenditure abroad by month,,,,SA / NSA,SA / NSA,,NSA,NSA,,,,Area,Area,,Expenditure,Expenditure,,,,Year,Year,,2013.0,2013.0,,,,Month,Month,,Aug,Aug,,,
2980.0,,,,,,,,,,,,,,,,,,,,,,,,,,,,,,,,,,,Type,Type,,Earnings in the UK and expenditure abroad by month,Earnings in the UK and expenditure abroad by month,,,,SA / NSA,SA / NSA,,SA,SA,,,,Area,Area,,Expenditure,Expenditure,,,,Year,Year,,2013.0,2013.0,,,,Month,Month,,Aug,Aug,,,
2178.53198342,,,,,,,,,,,,,,,,,,,,,,,,,,,,,,,,,,,Type,Type,,Earnings in the UK and expenditure abroad by month,Earnings in the UK and expenditure abroad by month,,,,SA / NSA,SA / NSA,,NSA,NSA,,,,Area,Area,,,,,,,Year,Year,,2013.0,2013.0,,,,Month,Month,,Sep,Sep,,,
1820.0,,,,,,,,,,,,,,,,,,,,,,,,,,,,,,,,,,,Type,Type,,Earnings in the UK and expenditure abroad by month,Earnings in the UK and expenditure abroad by month,,,,SA / NSA,SA / NSA,,SA,SA,,,,Area,Area,,,,,,,Year,Year,,2013.0,2013.0,,,,Month,Month,,Sep,Sep,,,
3981.11274217,,,,,,,,,,,,,,,,,,,,,,,,,,,,,,,,,,,Type,Type,,Earnings in the UK and expenditure abroad by month,Earnings in the UK and expenditure abroad by month,,,,SA / NSA,SA / NSA,,NSA,NSA,,,,Area,Area,,Expenditure,Expenditure,,,,Year,Year,,2013.0,2013.0,,,,Month,Month,,Sep,Sep,,,
2860.0,,,,,,,,,,,,,,,,,,,,,,,,,,,,,,,,,,,Type,Type,,Earnings in the UK and expenditure abroad by month,Earnings in the UK and expenditure abroad by month,,,,SA / NSA,SA / NSA,,SA,SA,,,,Area,Area,,Expenditure,Expenditure,,,,Year,Year,,2013.0,2013.0,,,,Month,Month,,Sep,Sep,,,
1966.65097603,,,,,,,,,,,,,,,,,,,,,,,,,,,,,,,,,,,Type,Type,,Earnings in the UK and expenditure abroad by month,Earnings in the UK and expenditure abroad by month,,,,SA / NSA,SA / NSA,,NSA,NSA,,,,Area,Area,,,,,,,Year,Year,,2013.0,2013.0,,,,Month,Month,,Oct,Oct,,,
1880.0,,,,,,,,,,,,,,,,,,,,,,,,,,,,,,,,,,,Type,Type,,Earnings in the UK and expenditure abroad by month,Earnings in the UK and expenditure abroad by month,,,,SA / NSA,SA / NSA,,SA,SA,,,,Area,Area,,,,,,,Year,Year,,2013.0,2013.0,,,,Month,Month,,Oct,Oct,,,
2960.22086991,,,,,,,,,,,,,,,,,,,,,,,,,,,,,,,,,,,Type,Type,,Earnings in the UK and expenditure abroad by month,Earnings in the UK and expenditure abroad by month,,,,SA / NSA,SA / NSA,,NSA,NSA,,,,Area,Area,,Expenditure,Expenditure,,,,Year,Year,,2013.0,2013.0,,,,Month,Month,,Oct,Oct,,,
2880.0,,,,,,,,,,,,,,,,,,,,,,,,,,,,,,,,,,,Type,Type,,Earnings in the UK and expenditure abroad by month,Earnings in the UK and expenditure abroad by month,,,,SA / NSA,SA / NSA,,SA,SA,,,,Area,Area,,Expenditure,Expenditure,,,,Year,Year,,2013.0,2013.0,,,,Month,Month,,Oct,Oct,,,
1519.54833394,,,,,,,,,,,,,,,,,,,,,,,,,,,,,,,,,,,Type,Type,,Earnings in the UK and expenditure abroad by month,Earnings in the UK and expenditure abroad by month,,,,SA / NSA,SA / NSA,,NSA,NSA,,,,Area,Area,,,,,,,Year,Year,,2013.0,2013.0,,,,Month,Month,,Nov,Nov,,,
1770.0,,,,,,,,,,,,,,,,,,,,,,,,,,,,,,,,,,,Type,Type,,Earnings in the UK and expenditure abroad by month,Earnings in the UK and expenditure abroad by month,,,,SA / NSA,SA / NSA,,SA,SA,,,,Area,Area,,,,,,,Year,Year,,2013.0,2013.0,,,,Month,Month,,Nov,Nov,,,
1972.59554245,,,,,,,,,,,,,,,,,,,,,,,,,,,,,,,,,,,Type,Type,,Earnings in the UK and expenditure abroad by month,Earnings in the UK and expenditure abroad by month,,,,SA / NSA,SA / NSA,,NSA,NSA,,,,Area,Area,,Expenditure,Expenditure,,,,Year,Year,,2013.0,2013.0,,,,Month,Month,,Nov,Nov,,,
2920.0,,,,,,,,,,,,,,,,,,,,,,,,,,,,,,,,,,,Type,Type,,Earnings in the UK and expenditure abroad by month,Earnings in the UK and expenditure abroad by month,,,,SA / NSA,SA / NSA,,SA,SA,,,,Area,Area,,Expenditure,Expenditure,,,,Year,Year,,2013.0,2013.0,,,,Month,Month,,Nov,Nov,,,
1724.80069003,,,,,,,,,,,,,,,,,,,,,,,,,,,,,,,,,,,Type,Type,,Earnings in the UK and expenditure abroad by month,Earnings in the UK and expenditure abroad by month,,,,SA / NSA,SA / NSA,,NSA,NSA,,,,Area,Area,,,,,,,Year,Year,,2013.0,2013.0,,,,Month,Month,,Dec,Dec,,,
1860.0,,,,,,,,,,,,,,,,,,,,,,,,,,,,,,,,,,,Type,Type,,Earnings in the UK and expenditure abroad by month,Earnings in the UK and expenditure abroad by month,,,,SA / NSA,SA / NSA,,SA,SA,,,,Area,Area,,,,,,,Year,Year,,2013.0,2013.0,,,,Month,Month,,Dec,Dec,,,
1746.18358764,,,,,,,,,,,,,,,,,,,,,,,,,,,,,,,,,,,Type,Type,,Earnings in the UK and expenditure abroad by month,Earnings in the UK and expenditure abroad by month,,,,SA / NSA,SA / NSA,,NSA,NSA,,,,Area,Area,,Expenditure,Expenditure,,,,Year,Year,,2013.0,2013.0,,,,Month,Month,,Dec,Dec,,,
2970.0,,,,,,,,,,,,,,,,,,,,,,,,,,,,,,,,,,,Type,Type,,Earnings in the UK and expenditure abroad by month,Earnings in the UK and expenditure abroad by month,,,,SA / NSA,SA / NSA,,SA,SA,,,,Area,Area,,Expenditure,Expenditure,,,,Year,Year,,2013.0,2013.0,,,,Month,Month,,Dec,Dec,,,
1405.02141631,,,,,,,,,,,,,,,,,,,,,,,,,,,,,,,,,,,Type,Type,,Earnings in the UK and expenditure abroad by month,Earnings in the UK and expenditure abroad by month,,,,SA / NSA,SA / NSA,,NSA,NSA,,,,Area,Area,,,,,,,Year,Year,,2014.0,2014.0,,,,Month,Month,,Jan,Jan,,,
1890.0,,,,,,,,,,,,,,,,,,,,,,,,,,,,,,,,,,,Type,Type,,Earnings in the UK and expenditure abroad by month,Earnings in the UK and expenditure abroad by month,,,,SA / NSA,SA / NSA,,SA,SA,,,,Area,Area,,,,,,,Year,Year,,2014.0,2014.0,,,,Month,Month,,Jan,Jan,,,
2323.00247877,,,,,,,,,,,,,,,,,,,,,,,,,,,,,,,,,,,Type,Type,,Earnings in the UK and expenditure abroad by month,Earnings in the UK and expenditure abroad by month,,,,SA / NSA,SA / NSA,,NSA,NSA,,,,Area,Area,,Expenditure,Expenditure,,,,Year,Year,,2014.0,2014.0,,,,Month,Month,,Jan,Jan,,,
3050.0,,,,,,,,,,,,,,,,,,,,,,,,,,,,,,,,,,,Type,Type,,Earnings in the UK and expenditure abroad by month,Earnings in the UK and expenditure abroad by month,,,,SA / NSA,SA / NSA,,SA,SA,,,,Area,Area,,Expenditure,Expenditure,,,,Year,Year,,2014.0,2014.0,,,,Month,Month,,Jan,Jan,,,
1187.23962,,,,,,,,,,,,,,,,,,,,,,,,,,,,,,,,,,,Type,Type,,Earnings in the UK and expenditure abroad by month,Earnings in the UK and expenditure abroad by month,,,,SA / NSA,SA / NSA,,NSA,NSA,,,,Area,Area,,,,,,,Year,Year,,2014.0,2014.0,,,,Month,Month,,Feb,Feb,,,
1910.0,,,,,,,,,,,,,,,,,,,,,,,,,,,,,,,,,,,Type,Type,,Earnings in the UK and expenditure abroad by month,Earnings in the UK and expenditure abroad by month,,,,SA / NSA,SA / NSA,,SA,SA,,,,Area,Area,,,,,,,Year,Year,,2014.0,2014.0,,,,Month,Month,,Feb,Feb,,,
2117.87557335,,,,,,,,,,,,,,,,,,,,,,,,,,,,,,,,,,,Type,Type,,Earnings in the UK and expenditure abroad by month,Earnings in the UK and expenditure abroad by month,,,,SA / NSA,SA / NSA,,NSA,NSA,,,,Area,Area,,Expenditure,Expenditure,,,,Year,Year,,2014.0,2014.0,,,,Month,Month,,Feb,Feb,,,
3150.0,,,,,,,,,,,,,,,,,,,,,,,,,,,,,,,,,,,Type,Type,,Earnings in the UK and expenditure abroad by month,Earnings in the UK and expenditure abroad by month,,,,SA / NSA,SA / NSA,,SA,SA,,,,Area,Area,,Expenditure,Expenditure,,,,Year,Year,,2014.0,2014.0,,,,Month,Month,,Feb,Feb,,,
1319.52647971,,,,,,,,,,,,,,,,,,,,,,,,,,,,,,,,,,,Type,Type,,Earnings in the UK and expenditure abroad by month,Earnings in the UK and expenditure abroad by month,,,,SA / NSA,SA / NSA,,NSA,NSA,,,,Area,Area,,,,,,,Year,Year,,2014.0,2014.0,,,,Month,Month,,Mar,Mar,,,
1730.0,,,,,,,,,,,,,,,,,,,,,,,,,,,,,,,,,,,Type,Type,,Earnings in the UK and expenditure abroad by month,Earnings in the UK and expenditure abroad by month,,,,SA / NSA,SA / NSA,,SA,SA,,,,Area,Area,,,,,,,Year,Year,,2014.0,2014.0,,,,Month,Month,,Mar,Mar,,,
2281.28267179,,,,,,,,,,,,,,,,,,,,,,,,,,,,,,,,,,,Type,Type,,Earnings in the UK and expenditure abroad by month,Earnings in the UK and expenditure abroad by month,,,,SA / NSA,SA / NSA,,NSA,NSA,,,,Area,Area,,Expenditure,Expenditure,,,,Year,Year,,2014.0,2014.0,,,,Month,Month,,Mar,Mar,,,
2830.0,,,,,,,,,,,,,,,,,,,,,,,,,,,,,,,,,,,Type,Type,,Earnings in the UK and expenditure abroad by month,Earnings in the UK and expenditure abroad by month,,,,SA / NSA,SA / NSA,,SA,SA,,,,Area,Area,,Expenditure,Expenditure,,,,Year,Year,,2014.0,2014.0,,,,Month,Month,,Mar,Mar,,,
1525.52105098,,,,,,,,,,,,,,,,,,,,,,,,,,,,,,,,,,,Type,Type,,Earnings in the UK and expenditure abroad by month,Earnings in the UK and expenditure abroad by month,,,,SA / NSA,SA / NSA,,NSA,NSA,,,,Area,Area,,,,,,,Year,Year,,2014.0,2014.0,,,,Month,Month,,Apr,Apr,,,
1740.0,,,,,,,,,,,,,,,,,,,,,,,,,,,,,,,,,,,Type,Type,,Earnings in the UK and expenditure abroad by month,Earnings in the UK and expenditure abroad by month,,,,SA / NSA,SA / NSA,,SA,SA,,,,Area,Area,,,,,,,Year,Year,,2014.0,2014.0,,,,Month,Month,,Apr,Apr,,,
2726.50485846,,,,,,,,,,,,,,,,,,,,,,,,,,,,,,,,,,,Type,Type,,Earnings in the UK and expenditure abroad by month,Earnings in the UK and expenditure abroad by month,,,,SA / NSA,SA / NSA,,NSA,NSA,,,,Area,Area,,Expenditure,Expenditure,,,,Year,Year,,2014.0,2014.0,,,,Month,Month,,Apr,Apr,,,
2860.0,,,,,,,,,,,,,,,,,,,,,,,,,,,,,,,,,,,Type,Type,,Earnings in the UK and expenditure abroad by month,Earnings in the UK and expenditure abroad by month,,,,SA / NSA,SA / NSA,,SA,SA,,,,Area,Area,,Expenditure,Expenditure,,,,Year,Year,,2014.0,2014.0,,,,Month,Month,,Apr,Apr,,,
1790.87332625,,,,,,,,,,,,,,,,,,,,,,,,,,,,,,,,,,,Type,Type,,Earnings in the UK and expenditure abroad by month,Earnings in the UK and expenditure abroad by month,,,,SA / NSA,SA / NSA,,NSA,NSA,,,,Area,Area,,,,,,,Year,Year,,2014.0,2014.0,,,,Month,Month,,May,May,,,
1760.0,,,,,,,,,,,,,,,,,,,,,,,,,,,,,,,,,,,Type,Type,,Earnings in the UK and expenditure abroad by month,Earnings in the UK and expenditure abroad by month,,,,SA / NSA,SA / NSA,,SA,SA,,,,Area,Area,,,,,,,Year,Year,,2014.0,2014.0,,,,Month,Month,,May,May,,,
3053.30029108,,,,,,,,,,,,,,,,,,,,,,,,,,,,,,,,,,,Type,Type,,Earnings in the UK and expenditure abroad by month,Earnings in the UK and expenditure abroad by month,,,,SA / NSA,SA / NSA,,NSA,NSA,,,,Area,Area,,Expenditure,Expenditure,,,,Year,Year,,2014.0,2014.0,,,,Month,Month,,May,May,,,
2960.0,,,,,,,,,,,,,,,,,,,,,,,,,,,,,,,,,,,Type,Type,,Earnings in the UK and expenditure abroad by month,Earnings in the UK and expenditure abroad by month,,,,SA / NSA,SA / NSA,,SA,SA,,,,Area,Area,,Expenditure,Expenditure,,,,Year,Year,,2014.0,2014.0,,,,Month,Month,,May,May,,,
2120.51426869,,,,,,,,,,,,,,,,,,,,,,,,,,,,,,,,,,,Type,Type,,Earnings in the UK and expenditure abroad by month,Earnings in the UK and expenditure abroad by month,,,,SA / NSA,SA / NSA,,NSA,NSA,,,,Area,Area,,,,,,,Year,Year,,2014.0,2014.0,,,,Month,Month,,June,June,,,
1900.0,,,,,,,,,,,,,,,,,,,,,,,,,,,,,,,,,,,Type,Type,,Earnings in the UK and expenditure abroad by month,Earnings in the UK and expenditure abroad by month,,,,SA / NSA,SA / NSA,,SA,SA,,,,Area,Area,,,,,,,Year,Year,,2014.0,2014.0,,,,Month,Month,,June,June,,,
3413.87536281,,,,,,,,,,,,,,,,,,,,,,,,,,,,,,,,,,,Type,Type,,Earnings in the UK and expenditure abroad by month,Earnings in the UK and expenditure abroad by month,,,,SA / NSA,SA / NSA,,NSA,NSA,,,,Area,Area,,Expenditure,Expenditure,,,,Year,Year,,2014.0,2014.0,,,,Month,Month,,June,June,,,
2870.0,,,,,,,,,,,,,,,,,,,,,,,,,,,,,,,,,,,Type,Type,,Earnings in the UK and expenditure abroad by month,Earnings in the UK and expenditure abroad by month,,,,SA / NSA,SA / NSA,,SA,SA,,,,Area,Area,,Expenditure,Expenditure,,,,Year,Year,,2014.0,2014.0,,,,Month,Month,,June,June,,,
2668.62491094,,,,,,,,,,,,,,,,,,,,,,,,,,,,,,,,,,,Type,Type,,Earnings in the UK and expenditure abroad by month,Earnings in the UK and expenditure abroad by month,,,,SA / NSA,SA / NSA,,NSA,NSA,,,,Area,Area,,,,,,,Year,Year,,2014.0,2014.0,,,,Month,Month,,July,July,,,
1900.0,,,,,,,,,,,,,,,,,,,,,,,,,,,,,,,,,,,Type,Type,,Earnings in the UK and expenditure abroad by month,Earnings in the UK and expenditure abroad by month,,,,SA / NSA,SA / NSA,,SA,SA,,,,Area,Area,,,,,,,Year,Year,,2014.0,2014.0,,,,Month,Month,,July,July,,,
3542.58153967,,,,,,,,,,,,,,,,,,,,,,,,,,,,,,,,,,,Type,Type,,Earnings in the UK and expenditure abroad by month,Earnings in the UK and expenditure abroad by month,,,,SA / NSA,SA / NSA,,NSA,NSA,,,,Area,Area,,Expenditure,Expenditure,,,,Year,Year,,2014.0,2014.0,,,,Month,Month,,July,July,,,
2890.0,,,,,,,,,,,,,,,,,,,,,,,,,,,,,,,,,,,Type,Type,,Earnings in the UK and expenditure abroad by month,Earnings in the UK and expenditure abroad by month,,,,SA / NSA,SA / NSA,,SA,SA,,,,Area,Area,,Expenditure,Expenditure,,,,Year,Year,,2014.0,2014.0,,,,Month,Month,,July,July,,,
2567.93570786,,,,,,,,,,,,,,,,,,,,,,,,,,,,,,,,,,,Type,Type,,Earnings in the UK and expenditure abroad by month,Earnings in the UK and expenditure abroad by month,,,,SA / NSA,SA / NSA,,NSA,NSA,,,,Area,Area,,,,,,,Year,Year,,2014.0,2014.0,,,,Month,Month,,Aug,Aug,,,
1800.0,,,,,,,,,,,,,,,,,,,,,,,,,,,,,,,,,,,Type,Type,,Earnings in the UK and expenditure abroad by month,Earnings in the UK and expenditure abroad by month,,,,SA / NSA,SA / NSA,,SA,SA,,,,Area,Area,,,,,,,Year,Year,,2014.0,2014.0,,,,Month,Month,,Aug,Aug,,,
4983.40311591,,,,,,,,,,,,,,,,,,,,,,,,,,,,,,,,,,,Type,Type,,Earnings in the UK and expenditure abroad by month,Earnings in the UK and expenditure abroad by month,,,,SA / NSA,SA / NSA,,NSA,NSA,,,,Area,Area,,Expenditure,Expenditure,,,,Year,Year,,2014.0,2014.0,,,,Month,Month,,Aug,Aug,,,
2940.0,,,,,,,,,,,,,,,,,,,,,,,,,,,,,,,,,,,Type,Type,,Earnings in the UK and expenditure abroad by month,Earnings in the UK and expenditure abroad by month,,,,SA / NSA,SA / NSA,,SA,SA,,,,Area,Area,,Expenditure,Expenditure,,,,Year,Year,,2014.0,2014.0,,,,Month,Month,,Aug,Aug,,,
2178.2822473,,,,,,,,,,,,,,,,,,,,,,,,,,,,,,,,,,,Type,Type,,Earnings in the UK and expenditure abroad by month,Earnings in the UK and expenditure abroad by month,,,,SA / NSA,SA / NSA,,NSA,NSA,,,,Area,Area,,,,,,,Year,Year,,2014.0,2014.0,,,,Month,Month,,Sept,Sept,,,
1830.0,,,,,,,,,,,,,,,,,,,,,,,,,,,,,,,,,,,Type,Type,,Earnings in the UK and expenditure abroad by month,Earnings in the UK and expenditure abroad by month,,,,SA / NSA,SA / NSA,,SA,SA,,,,Area,Area,,,,,,,Year,Year,,2014.0,2014.0,,,,Month,Month,,Sept,Sept,,,
4149.96314667,,,,,,,,,,,,,,,,,,,,,,,,,,,,,,,,,,,Type,Type,,Earnings in the UK and expenditure abroad by month,Earnings in the UK and expenditure abroad by month,,,,SA / NSA,SA / NSA,,NSA,NSA,,,,Area,Area,,Expenditure,Expenditure,,,,Year,Year,,2014.0,2014.0,,,,Month,Month,,Sept,Sept,,,
3020.0,,,,,,,,,,,,,,,,,,,,,,,,,,,,,,,,,,,Type,Type,,Earnings in the UK and expenditure abroad by month,Earnings in the UK and expenditure abroad by month,,,,SA / NSA,SA / NSA,,SA,SA,,,,Area,Area,,Expenditure,Expenditure,,,,Year,Year,,2014.0,2014.0,,,,Month,Month,,Sept,Sept,,,
1790.08629043,,,,,,,,,,,,,,,,,,,,,,,,,,,,,,,,,,,Type,Type,,Earnings in the UK and expenditure abroad by month,Earnings in the UK and expenditure abroad by month,,,,SA / NSA,SA / NSA,,NSA,NSA,,,,Area,Area,,,,,,,Year,Year,,2014.0,2014.0,,,,Month,Month,,Oct,Oct,,,
1770.0,,,,,,,,,,,,,,,,,,,,,,,,,,,,,,,,,,,Type,Type,,Earnings in the UK and expenditure abroad by month,Earnings in the UK and expenditure abroad by month,,,,SA / NSA,SA / NSA,,SA,SA,,,,Area,Area,,,,,,,Year,Year,,2014.0,2014.0,,,,Month,Month,,Oct,Oct,,,
3248.35322205,,,,,,,,,,,,,,,,,,,,,,,,,,,,,,,,,,,Type,Type,,Earnings in the UK and expenditure abroad by month,Earnings in the UK and expenditure abroad by month,,,,SA / NSA,SA / NSA,,NSA,NSA,,,,Area,Area,,Expenditure,Expenditure,,,,Year,Year,,2014.0,2014.0,,,,Month,Month,,Oct,Oct,,,
3190.0,,,,,,,,,,,,,,,,,,,,,,,,,,,,,,,,,,,Type,Type,,Earnings in the UK and expenditure abroad by month,Earnings in the UK and expenditure abroad by month,,,,SA / NSA,SA / NSA,,SA,SA,,,,Area,Area,,Expenditure,Expenditure,,,,Year,Year,,2014.0,2014.0,,,,Month,Month,,Oct,Oct,,,
1571.18732232,,,,,,,,,,,,,,,,,,,,,,,,,,,,,,,,,,,Type,Type,,Earnings in the UK and expenditure abroad by month,Earnings in the UK and expenditure abroad by month,,,,SA / NSA,SA / NSA,,NSA,NSA,,,,Area,Area,,,,,,,Year,Year,,2014.0,2014.0,,,,Month,Month,,Nov,Nov,,,
1820.0,,,,,,,,,,,,,,,,,,,,,,,,,,,,,,,,,,,Type,Type,,Earnings in the UK and expenditure abroad by month,Earnings in the UK and expenditure abroad by month,,,,SA / NSA,SA / NSA,,SA,SA,,,,Area,Area,,,,,,,Year,Year,,2014.0,2014.0,,,,Month,Month,,Nov,Nov,,,
2019.16042093,,,,,,,,,,,,,,,,,,,,,,,,,,,,,,,,,,,Type,Type,,Earnings in the UK and expenditure abroad by month,Earnings in the UK and expenditure abroad by month,,,,SA / NSA,SA / NSA,,NSA,NSA,,,,Area,Area,,Expenditure,Expenditure,,,,Year,Year,,2014.0,2014.0,,,,Month,Month,,Nov,Nov,,,
2960.0,,,,,,,,,,,,,,,,,,,,,,,,,,,,,,,,,,,Type,Type,,Earnings in the UK and expenditure abroad by month,Earnings in the UK and expenditure abroad by month,,,,SA / NSA,SA / NSA,,SA,SA,,,,Area,Area,,Expenditure,Expenditure,,,,Year,Year,,2014.0,2014.0,,,,Month,Month,,Nov,Nov,,,
1724.50492349,,,,,,,,,,,,,,,,,,,,,,,,,,,,,,,,,,,Type,Type,,Earnings in the UK and expenditure abroad by month,Earnings in the UK and expenditure abroad by month,,,,SA / NSA,SA / NSA,,NSA,NSA,,,,Area,Area,,,,,,,Year,Year,,2014.0,2014.0,,,,Month,Month,,Dec,Dec,,,
1870.0,,,,,,,,,,,,,,,,,,,,,,,,,,,,,,,,,,,Type,Type,,Earnings in the UK and expenditure abroad by month,Earnings in the UK and expenditure abroad by month,,,,SA / NSA,SA / NSA,,SA,SA,,,,Area,Area,,,,,,,Year,Year,,2014.0,2014.0,,,,Month,Month,,Dec,Dec,,,
1677.47582787,,,,,,,,,,,,,,,,,,,,,,,,,,,,,,,,,,,Type,Type,,Earnings in the UK and expenditure abroad by month,Earnings in the UK and expenditure abroad by month,,,,SA / NSA,SA / NSA,,NSA,NSA,,,,Area,Area,,Expenditure,Expenditure,,,,Year,Year,,2014.0,2014.0,,,,Month,Month,,Dec,Dec,,,
2900.0,,,,,,,,,,,,,,,,,,,,,,,,,,,,,,,,,,,Type,Type,,Earnings in the UK and expenditure abroad by month,Earnings in the UK and expenditure abroad by month,,,,SA / NSA,SA / NSA,,SA,SA,,,,Area,Area,,Expenditure,Expenditure,,,,Year,Year,,2014.0,2014.0,,,,Month,Month,,Dec,Dec,,,
1318.08983186,,,,,,,,,,,,,,,,,,,,,,,,,,,,,,,,,,,Type,Type,,Earnings in the UK and expenditure abroad by month,Earnings in the UK and expenditure abroad by month,,,,SA / NSA,SA / NSA,,NSA,NSA,,,,Area,Area,,,,,,,Year,Year,,2015.0,2015.0,,,,Month,Month,,Jan†,Jan†,,,
1740.0,,,,,,,,,,,,,,,,,,,,,,,,,,,,,,,,,,,Type,Type,,Earnings in the UK and expenditure abroad by month,Earnings in the UK and expenditure abroad by month,,,,SA / NSA,SA / NSA,,SA,SA,,,,Area,Area,,,,,,,Year,Year,,2015.0,2015.0,,,,Month,Month,,Jan†,Jan†,,,
2322.44765038,,,,,,,,,,,,,,,,,,,,,,,,,,,,,,,,,,,Type,Type,,Earnings in the UK and expenditure abroad by month,Earnings in the UK and expenditure abroad by month,,,,SA / NSA,SA / NSA,,NSA,NSA,,,,Area,Area,,Expenditure,Expenditure,,,,Year,Year,,2015.0,2015.0,,,,Month,Month,,Jan†,Jan†,,,
3010.0,,,,,,,,,,,,,,,,,,,,,,,,,,,,,,,,,,,Type,Type,,Earnings in the UK and expenditure abroad by month,Earnings in the UK and expenditure abroad by month,,,,SA / NSA,SA / NSA,,SA,SA,,,,Area,Area,,Expenditure,Expenditure,,,,Year,Year,,2015.0,2015.0,,,,Month,Month,,Jan†,Jan†,,,
1021.67799324,,,,,,,,,,,,,,,,,,,,,,,,,,,,,,,,,,,Type,Type,,Earnings in the UK and expenditure abroad by month,Earnings in the UK and expenditure abroad by month,,,,SA / NSA,SA / NSA,,NSA,NSA,,,,Area,Area,,,,,,,Year,Year,,2015.0,2015.0,,,,Month,Month,,Feb,Feb,,,
1640.0,,,,,,,,,,,,,,,,,,,,,,,,,,,,,,,,,,,Type,Type,,Earnings in the UK and expenditure abroad by month,Earnings in the UK and expenditure abroad by month,,,,SA / NSA,SA / NSA,,SA,SA,,,,Area,Area,,,,,,,Year,Year,,2015.0,2015.0,,,,Month,Month,,Feb,Feb,,,
2028.32553109,,,,,,,,,,,,,,,,,,,,,,,,,,,,,,,,,,,Type,Type,,Earnings in the UK and expenditure abroad by month,Earnings in the UK and expenditure abroad by month,,,,SA / NSA,SA / NSA,,NSA,NSA,,,,Area,Area,,Expenditure,Expenditure,,,,Year,Year,,2015.0,2015.0,,,,Month,Month,,Feb,Feb,,,
3020.0,,,,,,,,,,,,,,,,,,,,,,,,,,,,,,,,,,,Type,Type,,Earnings in the UK and expenditure abroad by month,Earnings in the UK and expenditure abroad by month,,,,SA / NSA,SA / NSA,,SA,SA,,,,Area,Area,,Expenditure,Expenditure,,,,Year,Year,,2015.0,2015.0,,,,Month,Month,,Feb,Feb,,,
1376.22800631,,,,,,,,,,,,,,,,,,,,,,,,,,,,,,,,,,,Type,Type,,Earnings in the UK and expenditure abroad by month,Earnings in the UK and expenditure abroad by month,,,,SA / NSA,SA / NSA,,NSA,NSA,,,,Area,Area,,,,,,,Year,Year,,2015.0,2015.0,,,,Month,Month,,Mar,Mar,,,
1830.0,,,,,,,,,,,,,,,,,,,,,,,,,,,,,,,,,,,Type,Type,,Earnings in the UK and expenditure abroad by month,Earnings in the UK and expenditure abroad by month,,,,SA / NSA,SA / NSA,,SA,SA,,,,Area,Area,,,,,,,Year,Year,,2015.0,2015.0,,,,Month,Month,,Mar,Mar,,,
2495.71690295,,,,,,,,,,,,,,,,,,,,,,,,,,,,,,,,,,,Type,Type,,Earnings in the UK and expenditure abroad by month,Earnings in the UK and expenditure abroad by month,,,,SA / NSA,SA / NSA,,NSA,NSA,,,,Area,Area,,Expenditure,Expenditure,,,,Year,Year,,2015.0,2015.0,,,,Month,Month,,Mar,Mar,,,
3160.0,,,,,,,,,,,,,,,,,,,,,,,,,,,,,,,,,,,Type,Type,,Earnings in the UK and expenditure abroad by month,Earnings in the UK and expenditure abroad by month,,,,SA / NSA,SA / NSA,,SA,SA,,,,Area,Area,,Expenditure,Expenditure,,,,Year,Year,,2015.0,2015.0,,,,Month,Month,,Mar,Mar,,,
1540.0,,,,,,,,,,,,,,,,,,,,,,,,,,,,,,,,,,,Type,Type,,Earnings in the UK and expenditure abroad by month,Earnings in the UK and expenditure abroad by month,,,,SA / NSA,SA / NSA,,NSA,NSA,,,,Area,Area,,,,,,,Year,Year,,2015.0,2015.0,,,,Month,Month,,Apr¹,Apr¹,,,
1760.0,,,,,,,,,,,,,,,,,,,,,,,,,,,,,,,,,,,Type,Type,,Earnings in the UK and expenditure abroad by month,Earnings in the UK and expenditure abroad by month,,,,SA / NSA,SA / NSA,,SA,SA,,,,Area,Area,,,,,,,Year,Year,,2015.0,2015.0,,,,Month,Month,,Apr¹,Apr¹,,,
2950.0,,,,,,,,,,,,,,,,,,,,,,,,,,,,,,,,,,,Type,Type,,Earnings in the UK and expenditure abroad by month,Earnings in the UK and expenditure abroad by month,,,,SA / NSA,SA / NSA,,NSA,NSA,,,,Area,Area,,Expenditure,Expenditure,,,,Year,Year,,2015.0,2015.0,,,,Month,Month,,Apr¹,Apr¹,,,
3100.0,,,,,,,,,,,,,,,,,,,,,,,,,,,,,,,,,,,Type,Type,,Earnings in the UK and expenditure abroad by month,Earnings in the UK and expenditure abroad by month,,,,SA / NSA,SA / NSA,,SA,SA,,,,Area,Area,,Expenditure,Expenditure,,,,Year,Year,,2015.0,2015.0,,,,Month,Month,,Apr¹,Apr¹,,,
1930.0,,,,,,,,,,,,,,,,,,,,,,,,,,,,,,,,,,,Type,Type,,Earnings in the UK and expenditure abroad by month,Earnings in the UK and expenditure abroad by month,,,,SA / NSA,SA / NSA,,NSA,NSA,,,,Area,Area,,,,,,,Year,Year,,2015.0,2015.0,,,,Month,Month,,May¹,May¹,,,
1880.0,,,,,,,,,,,,,,,,,,,,,,,,,,,,,,,,,,,Type,Type,,Earnings in the UK and expenditure abroad by month,Earnings in the UK and expenditure abroad by month,,,,SA / NSA,SA / NSA,,SA,SA,,,,Area,Area,,,,,,,Year,Year,,2015.0,2015.0,,,,Month,Month,,May¹,May¹,,,
3310.0,,,,,,,,,,,,,,,,,,,,,,,,,,,,,,,,,,,Type,Type,,Earnings in the UK and expenditure abroad by month,Earnings in the UK and expenditure abroad by month,,,,SA / NSA,SA / NSA,,NSA,NSA,,,,Area,Area,,Expenditure,Expenditure,,,,Year,Year,,2015.0,2015.0,,,,Month,Month,,May¹,May¹,,,
3150.0,,,,,,,,,,,,,,,,,,,,,,,,,,,,,,,,,,,Type,Type,,Earnings in the UK and expenditure abroad by month,Earnings in the UK and expenditure abroad by month,,,,SA / NSA,SA / NSA,,SA,SA,,,,Area,Area,,Expenditure,Expenditure,,,,Year,Year,,2015.0,2015.0,,,,Month,Month,,May¹,May¹,,,
2100.0,,,,,,,,,,,,,,,,,,,,,,,,,,,,,,,,,,,Type,Type,,Earnings in the UK and expenditure abroad by month,Earnings in the UK and expenditure abroad by month,,,,SA / NSA,SA / NSA,,NSA,NSA,,,,Area,Area,,,,,,,Year,Year,,2015.0,2015.0,,,,Month,Month,,June¹,June¹,,,
1890.0,,,,,,,,,,,,,,,,,,,,,,,,,,,,,,,,,,,Type,Type,,Earnings in the UK and expenditure abroad by month,Earnings in the UK and expenditure abroad by month,,,,SA / NSA,SA / NSA,,SA,SA,,,,Area,Area,,,,,,,Year,Year,,2015.0,2015.0,,,,Month,Month,,June¹,June¹,,,
3760.0,,,,,,,,,,,,,,,,,,,,,,,,,,,,,,,,,,,Type,Type,,Earnings in the UK and expenditure abroad by month,Earnings in the UK and expenditure abroad by month,,,,SA / NSA,SA / NSA,,NSA,NSA,,,,Area,Area,,Expenditure,Expenditure,,,,Year,Year,,2015.0,2015.0,,,,Month,Month,,June¹,June¹,,,
3200.0,,,,,,,,,,,,,,,,,,,,,,,,,,,,,,,,,,,Type,Type,,Earnings in the UK and expenditure abroad by month,Earnings in the UK and expenditure abroad by month,,,,SA / NSA,SA / NSA,,SA,SA,,,,Area,Area,,Expenditure,Expenditure,,,,Year,Year,,2015.0,2015.0,,,,Month,Month,,June¹,June¹,,,
*********,168
