observation,data_marking,statistical_unit_eng,statistical_unit_cym,measure_type_eng,measure_type_cym,observation_type,empty,obs_type_value,unit_multiplier,unit_of_measure_eng,unit_of_measure_cym,confidentuality,empty1,geographic_area,empty2,empty3,time_dim_item_id,time_dim_item_label_eng,time_dim_item_label_cym,time_type,empty4,statistical_population_id,statistical_population_label_eng,statistical_population_label_cym,cdid,cdiddescrip,empty5,empty6,empty7,empty8,empty9,empty10,empty11,empty12,dim_id_1,dimension_label_eng_1,dimension_label_cym_1,dim_item_id_1,dimension_item_label_eng_1,dimension_item_label_cym_1,is_total_1,is_sub_total_1,dim_id_2,dimension_label_eng_2,dimension_label_cym_2,dim_item_id_2,dimension_item_label_eng_2,dimension_item_label_cym_2,is_total_2,is_sub_total_2
558.0,,,,Number,,,,,,,,,,,,,2003.0,2003.0,,Year,,,,,,,,,,,,,,,Category,Category,,Total of all Mergers and Acquisitions,Total of all Mergers and Acquisitions,,,,TIME - DELETEME,TIME - DELETEME,,Annual,Annual,,,
18679.0,,,,Value,,,,,,,,,,,,,2003.0,2003.0,,Year,,,,,,,,,,,,,,,Category,Category,,Total of all Mergers and Acquisitions,Total of all Mergers and Acquisitions,,,,TIME - DELETEME,TIME - DELETEME,,Annual,Annual,,,
392.0,,,,Number,,,,,,,,,,,,,2003.0,2003.0,,Year,,,,,,,,,,,,,,,Category,Category,,Mergers and Acquisitions of Independent Companies,Mergers and Acquisitions of Independent Companies,,,,TIME - DELETEME,TIME - DELETEME,,Annual,Annual,,,
10954.0,,,,Value,,,,,,,,,,,,,2003.0,2003.0,,Year,,,,,,,,,,,,,,,Category,Category,,Mergers and Acquisitions of Independent Companies,Mergers and Acquisitions of Independent Companies,,,,TIME - DELETEME,TIME - DELETEME,,Annual,Annual,,,
166.0,,,,Number,,,,,,,,,,,,,2003.0,2003.0,,Year,,,,,,,,,,,,,,,Category,Category,,Sales of Subsidiaries between Company Groups,Sales of Subsidiaries between Company Groups,,,,TIME - DELETEME,TIME - DELETEME,,Annual,Annual,,,
7725.0,,,,Value,,,,,,,,,,,,,2003.0,2003.0,,Year,,,,,,,,,,,,,,,Category,Category,,Sales of Subsidiaries between Company Groups,Sales of Subsidiaries between Company Groups,,,,TIME - DELETEME,TIME - DELETEME,,Annual,Annual,,,
741.0,,,,Number,,,,,,,,,,,,,2004.0,2004.0,,Year,,,,,,,,,,,,,,,Category,Category,,Total of all Mergers and Acquisitions,Total of all Mergers and Acquisitions,,,,TIME - DELETEME,TIME - DELETEME,,Annual,Annual,,,
31408.0,,,,Value,,,,,,,,,,,,,2004.0,2004.0,,Year,,,,,,,,,,,,,,,Category,Category,,Total of all Mergers and Acquisitions,Total of all Mergers and Acquisitions,,,,TIME - DELETEME,TIME - DELETEME,,Annual,Annual,,,
577.0,,,,Number,,,,,,,,,,,,,2004.0,2004.0,,Year,,,,,,,,,,,,,,,Category,Category,,Mergers and Acquisitions of Independent Companies,Mergers and Acquisitions of Independent Companies,,,,TIME - DELETEME,TIME - DELETEME,,Annual,Annual,,,
22882.0,,,,Value,,,,,,,,,,,,,2004.0,2004.0,,Year,,,,,,,,,,,,,,,Category,Category,,Mergers and Acquisitions of Independent Companies,Mergers and Acquisitions of Independent Companies,,,,TIME - DELETEME,TIME - DELETEME,,Annual,Annual,,,
164.0,,,,Number,,,,,,,,,,,,,2004.0,2004.0,,Year,,,,,,,,,,,,,,,Category,Category,,Sales of Subsidiaries between Company Groups,Sales of Subsidiaries between Company Groups,,,,TIME - DELETEME,TIME - DELETEME,,Annual,Annual,,,
8526.0,,,,Value,,,,,,,,,,,,,2004.0,2004.0,,Year,,,,,,,,,,,,,,,Category,Category,,Sales of Subsidiaries between Company Groups,Sales of Subsidiaries between Company Groups,,,,TIME - DELETEME,TIME - DELETEME,,Annual,Annual,,,
769.0,,,,Number,,,,,,,,,,,,,2005.0,2005.0,,Year,,,,,,,,,,,,,,,Category,Category,,Total of all Mergers and Acquisitions,Total of all Mergers and Acquisitions,,,,TIME - DELETEME,TIME - DELETEME,,Annual,Annual,,,
25134.0,,,,Value,,,,,,,,,,,,,2005.0,2005.0,,Year,,,,,,,,,,,,,,,Category,Category,,Total of all Mergers and Acquisitions,Total of all Mergers and Acquisitions,,,,TIME - DELETEME,TIME - DELETEME,,Annual,Annual,,,
604.0,,,,Number,,,,,,,,,,,,,2005.0,2005.0,,Year,,,,,,,,,,,,,,,Category,Category,,Mergers and Acquisitions of Independent Companies,Mergers and Acquisitions of Independent Companies,,,,TIME - DELETEME,TIME - DELETEME,,Annual,Annual,,,
16276.0,,,,Value,,,,,,,,,,,,,2005.0,2005.0,,Year,,,,,,,,,,,,,,,Category,Category,,Mergers and Acquisitions of Independent Companies,Mergers and Acquisitions of Independent Companies,,,,TIME - DELETEME,TIME - DELETEME,,Annual,Annual,,,
165.0,,,,Number,,,,,,,,,,,,,2005.0,2005.0,,Year,,,,,,,,,,,,,,,Category,Category,,Sales of Subsidiaries between Company Groups,Sales of Subsidiaries between Company Groups,,,,TIME - DELETEME,TIME - DELETEME,,Annual,Annual,,,
8858.0,,,,Value,,,,,,,,,,,,,2005.0,2005.0,,Year,,,,,,,,,,,,,,,Category,Category,,Sales of Subsidiaries between Company Groups,Sales of Subsidiaries between Company Groups,,,,TIME - DELETEME,TIME - DELETEME,,Annual,Annual,,,
779.0,,,,Number,,,,,,,,,,,,,2006.0,2006.0,,Year,,,,,,,,,,,,,,,Category,Category,,Total of all Mergers and Acquisitions,Total of all Mergers and Acquisitions,,,,TIME - DELETEME,TIME - DELETEME,,Annual,Annual,,,
28511.0,,,,Value,,,,,,,,,,,,,2006.0,2006.0,,Year,,,,,,,,,,,,,,,Category,Category,,Total of all Mergers and Acquisitions,Total of all Mergers and Acquisitions,,,,TIME - DELETEME,TIME - DELETEME,,Annual,Annual,,,
628.0,,,,Number,,,,,,,,,,,,,2006.0,2006.0,,Year,,,,,,,,,,,,,,,Category,Category,,Mergers and Acquisitions of Independent Companies,Mergers and Acquisitions of Independent Companies,,,,TIME - DELETEME,TIME - DELETEME,,Annual,Annual,,,
20180.0,,,,Value,,,,,,,,,,,,,2006.0,2006.0,,Year,,,,,,,,,,,,,,,Category,Category,,Mergers and Acquisitions of Independent Companies,Mergers and Acquisitions of Independent Companies,,,,TIME - DELETEME,TIME - DELETEME,,Annual,Annual,,,
151.0,,,,Number,,,,,,,,,,,,,2006.0,2006.0,,Year,,,,,,,,,,,,,,,Category,Category,,Sales of Subsidiaries between Company Groups,Sales of Subsidiaries between Company Groups,,,,TIME - DELETEME,TIME - DELETEME,,Annual,Annual,,,
8331.0,,,,Value,,,,,,,,,,,,,2006.0,2006.0,,Year,,,,,,,,,,,,,,,Category,Category,,Sales of Subsidiaries between Company Groups,Sales of Subsidiaries between Company Groups,,,,TIME - DELETEME,TIME - DELETEME,,Annual,Annual,,,
869.0,,,,Number,,,,,,,,,,,,,2007.0,2007.0,,Year,,,,,,,,,,,,,,,Category,Category,,Total of all Mergers and Acquisitions,Total of all Mergers and Acquisitions,,,,TIME - DELETEME,TIME - DELETEME,,Annual,Annual,,,
26778.0,,,,Value,,,,,,,,,,,,,2007.0,2007.0,,Year,,,,,,,,,,,,,,,Category,Category,,Total of all Mergers and Acquisitions,Total of all Mergers and Acquisitions,,,,TIME - DELETEME,TIME - DELETEME,,Annual,Annual,,,
698.0,,,,Number,,,,,,,,,,,,,2007.0,2007.0,,Year,,,,,,,,,,,,,,,Category,Category,,Mergers and Acquisitions of Independent Companies,Mergers and Acquisitions of Independent Companies,,,,TIME - DELETEME,TIME - DELETEME,,Annual,Annual,,,
19779.0,,,,Value,,,,,,,,,,,,,2007.0,2007.0,,Year,,,,,,,,,,,,,,,Category,Category,,Mergers and Acquisitions of Independent Companies,Mergers and Acquisitions of Independent Companies,,,,TIME - DELETEME,TIME - DELETEME,,Annual,Annual,,,
171.0,,,,Number,,,,,,,,,,,,,2007.0,2007.0,,Year,,,,,,,,,,,,,,,Category,Category,,Sales of Subsidiaries between Company Groups,Sales of Subsidiaries between Company Groups,,,,TIME - DELETEME,TIME - DELETEME,,Annual,Annual,,,
6999.0,,,,Value,,,,,,,,,,,,,2007.0,2007.0,,Year,,,,,,,,,,,,,,,Category,Category,,Sales of Subsidiaries between Company Groups,Sales of Subsidiaries between Company Groups,,,,TIME - DELETEME,TIME - DELETEME,,Annual,Annual,,,
558.0,,,,Number,,,,,,,,,,,,,2008.0,2008.0,,Year,,,,,,,,,,,,,,,Category,Category,,Total of all Mergers and Acquisitions,Total of all Mergers and Acquisitions,,,,TIME - DELETEME,TIME - DELETEME,,Annual,Annual,,,
36469.0,,,,Value,,,,,,,,,,,,,2008.0,2008.0,,Year,,,,,,,,,,,,,,,Category,Category,,Total of all Mergers and Acquisitions,Total of all Mergers and Acquisitions,,,,TIME - DELETEME,TIME - DELETEME,,Annual,Annual,,,
445.0,,,,Number,,,,,,,,,,,,,2008.0,2008.0,,Year,,,,,,,,,,,,,,,Category,Category,,Mergers and Acquisitions of Independent Companies,Mergers and Acquisitions of Independent Companies,,,,TIME - DELETEME,TIME - DELETEME,,Annual,Annual,,,
33469.0,,,,Value,,,,,,,,,,,,,2008.0,2008.0,,Year,,,,,,,,,,,,,,,Category,Category,,Mergers and Acquisitions of Independent Companies,Mergers and Acquisitions of Independent Companies,,,,TIME - DELETEME,TIME - DELETEME,,Annual,Annual,,,
113.0,,,,Number,,,,,,,,,,,,,2008.0,2008.0,,Year,,,,,,,,,,,,,,,Category,Category,,Sales of Subsidiaries between Company Groups,Sales of Subsidiaries between Company Groups,,,,TIME - DELETEME,TIME - DELETEME,,Annual,Annual,,,
3000.0,,,,Value,,,,,,,,,,,,,2008.0,2008.0,,Year,,,,,,,,,,,,,,,Category,Category,,Sales of Subsidiaries between Company Groups,Sales of Subsidiaries between Company Groups,,,,TIME - DELETEME,TIME - DELETEME,,Annual,Annual,,,
286.0,,,,Number,,,,,,,,,,,,,2009.0,2009.0,,Year,,,,,,,,,,,,,,,Category,Category,,Total of all Mergers and Acquisitions,Total of all Mergers and Acquisitions,,,,TIME - DELETEME,TIME - DELETEME,,Annual,Annual,,,
12195.0,,,,Value,,,,,,,,,,,,,2009.0,2009.0,,Year,,,,,,,,,,,,,,,Category,Category,,Total of all Mergers and Acquisitions,Total of all Mergers and Acquisitions,,,,TIME - DELETEME,TIME - DELETEME,,Annual,Annual,,,
198.0,,,,Number,,,,,,,,,,,,,2009.0,2009.0,,Year,,,,,,,,,,,,,,,Category,Category,,Mergers and Acquisitions of Independent Companies,Mergers and Acquisitions of Independent Companies,,,,TIME - DELETEME,TIME - DELETEME,,Annual,Annual,,,
11455.0,,,,Value,,,,,,,,,,,,,2009.0,2009.0,,Year,,,,,,,,,,,,,,,Category,Category,,Mergers and Acquisitions of Independent Companies,Mergers and Acquisitions of Independent Companies,,,,TIME - DELETEME,TIME - DELETEME,,Annual,Annual,,,
88.0,,,,Number,,,,,,,,,,,,,2009.0,2009.0,,Year,,,,,,,,,,,,,,,Category,Category,,Sales of Subsidiaries between Company Groups,Sales of Subsidiaries between Company Groups,,,,TIME - DELETEME,TIME - DELETEME,,Annual,Annual,,,
740.0,,,,Value,,,,,,,,,,,,,2009.0,2009.0,,Year,,,,,,,,,,,,,,,Category,Category,,Sales of Subsidiaries between Company Groups,Sales of Subsidiaries between Company Groups,,,,TIME - DELETEME,TIME - DELETEME,,Annual,Annual,,,
325.0,,,,Number,,,,,,,,,,,,,2010¹,2010¹,,,,,,,,,,,,,,,,,Category,Category,,Total of all Mergers and Acquisitions,Total of all Mergers and Acquisitions,,,,TIME - DELETEME,TIME - DELETEME,,Annual,Annual,,,
12605.0,,,,Value,,,,,,,,,,,,,2010¹,2010¹,,,,,,,,,,,,,,,,,Category,Category,,Total of all Mergers and Acquisitions,Total of all Mergers and Acquisitions,,,,TIME - DELETEME,TIME - DELETEME,,Annual,Annual,,,
243.0,,,,Number,,,,,,,,,,,,,2010¹,2010¹,,,,,,,,,,,,,,,,,Category,Category,,Mergers and Acquisitions of Independent Companies,Mergers and Acquisitions of Independent Companies,,,,TIME - DELETEME,TIME - DELETEME,,Annual,Annual,,,
7775.0,,,,Value,,,,,,,,,,,,,2010¹,2010¹,,,,,,,,,,,,,,,,,Category,Category,,Mergers and Acquisitions of Independent Companies,Mergers and Acquisitions of Independent Companies,,,,TIME - DELETEME,TIME - DELETEME,,Annual,Annual,,,
82.0,,,,Number,,,,,,,,,,,,,2010¹,2010¹,,,,,,,,,,,,,,,,,Category,Category,,Sales of Subsidiaries between Company Groups,Sales of Subsidiaries between Company Groups,,,,TIME - DELETEME,TIME - DELETEME,,Annual,Annual,,,
4830.0,,,,Value,,,,,,,,,,,,,2010¹,2010¹,,,,,,,,,,,,,,,,,Category,Category,,Sales of Subsidiaries between Company Groups,Sales of Subsidiaries between Company Groups,,,,TIME - DELETEME,TIME - DELETEME,,Annual,Annual,,,
373.0,,,,Number,,,,,,,,,,,,,2011.0,2011.0,,Year,,,,,,,,,,,,,,,Category,Category,,Total of all Mergers and Acquisitions,Total of all Mergers and Acquisitions,,,,TIME - DELETEME,TIME - DELETEME,,Annual,Annual,,,
8089.0,,,,Value,,,,,,,,,,,,,2011.0,2011.0,,Year,,,,,,,,,,,,,,,Category,Category,,Total of all Mergers and Acquisitions,Total of all Mergers and Acquisitions,,,,TIME - DELETEME,TIME - DELETEME,,Annual,Annual,,,
276.0,,,,Number,,,,,,,,,,,,,2011.0,2011.0,,Year,,,,,,,,,,,,,,,Category,Category,,Mergers and Acquisitions of Independent Companies,Mergers and Acquisitions of Independent Companies,,,,TIME - DELETEME,TIME - DELETEME,,Annual,Annual,,,
5265.0,,,,Value,,,,,,,,,,,,,2011.0,2011.0,,Year,,,,,,,,,,,,,,,Category,Category,,Mergers and Acquisitions of Independent Companies,Mergers and Acquisitions of Independent Companies,,,,TIME - DELETEME,TIME - DELETEME,,Annual,Annual,,,
97.0,,,,Number,,,,,,,,,,,,,2011.0,2011.0,,Year,,,,,,,,,,,,,,,Category,Category,,Sales of Subsidiaries between Company Groups,Sales of Subsidiaries between Company Groups,,,,TIME - DELETEME,TIME - DELETEME,,Annual,Annual,,,
2824.0,,,,Value,,,,,,,,,,,,,2011.0,2011.0,,Year,,,,,,,,,,,,,,,Category,Category,,Sales of Subsidiaries between Company Groups,Sales of Subsidiaries between Company Groups,,,,TIME - DELETEME,TIME - DELETEME,,Annual,Annual,,,
266.0,,,,Number,,,,,,,,,,,,,2012.0,2012.0,,Year,,,,,,,,,,,,,,,Category,Category,,Total of all Mergers and Acquisitions,Total of all Mergers and Acquisitions,,,,TIME - DELETEME,TIME - DELETEME,,Annual,Annual,,,
3413.0,,,,Value,,,,,,,,,,,,,2012.0,2012.0,,Year,,,,,,,,,,,,,,,Category,Category,,Total of all Mergers and Acquisitions,Total of all Mergers and Acquisitions,,,,TIME - DELETEME,TIME - DELETEME,,Annual,Annual,,,
216.0,,,,Number,,,,,,,,,,,,,2012.0,2012.0,,Year,,,,,,,,,,,,,,,Category,Category,,Mergers and Acquisitions of Independent Companies,Mergers and Acquisitions of Independent Companies,,,,TIME - DELETEME,TIME - DELETEME,,Annual,Annual,,,
2536.0,,,,Value,,,,,,,,,,,,,2012.0,2012.0,,Year,,,,,,,,,,,,,,,Category,Category,,Mergers and Acquisitions of Independent Companies,Mergers and Acquisitions of Independent Companies,,,,TIME - DELETEME,TIME - DELETEME,,Annual,Annual,,,
50.0,,,,Number,,,,,,,,,,,,,2012.0,2012.0,,Year,,,,,,,,,,,,,,,Category,Category,,Sales of Subsidiaries between Company Groups,Sales of Subsidiaries between Company Groups,,,,TIME - DELETEME,TIME - DELETEME,,Annual,Annual,,,
877.0,,,,Value,,,,,,,,,,,,,2012.0,2012.0,,Year,,,,,,,,,,,,,,,Category,Category,,Sales of Subsidiaries between Company Groups,Sales of Subsidiaries between Company Groups,,,,TIME - DELETEME,TIME - DELETEME,,Annual,Annual,,,
238.0,,,,Number,,,,,,,,,,,,,2013.0,2013.0,,Year,,,,,,,,,,,,,,,Category,Category,,Total of all Mergers and Acquisitions,Total of all Mergers and Acquisitions,,,,TIME - DELETEME,TIME - DELETEME,,Annual,Annual,,,
7665.0,,,,Value,,,,,,,,,,,,,2013.0,2013.0,,Year,,,,,,,,,,,,,,,Category,Category,,Total of all Mergers and Acquisitions,Total of all Mergers and Acquisitions,,,,TIME - DELETEME,TIME - DELETEME,,Annual,Annual,,,
175.0,,,,Number,,,,,,,,,,,,,2013.0,2013.0,,Year,,,,,,,,,,,,,,,Category,Category,,Mergers and Acquisitions of Independent Companies,Mergers and Acquisitions of Independent Companies,,,,TIME - DELETEME,TIME - DELETEME,,Annual,Annual,,,
4135.0,,,,Value,,,,,,,,,,,,,2013.0,2013.0,,Year,,,,,,,,,,,,,,,Category,Category,,Mergers and Acquisitions of Independent Companies,Mergers and Acquisitions of Independent Companies,,,,TIME - DELETEME,TIME - DELETEME,,Annual,Annual,,,
63.0,,,,Number,,,,,,,,,,,,,2013.0,2013.0,,Year,,,,,,,,,,,,,,,Category,Category,,Sales of Subsidiaries between Company Groups,Sales of Subsidiaries between Company Groups,,,,TIME - DELETEME,TIME - DELETEME,,Annual,Annual,,,
3530.0,,,,Value,,,,,,,,,,,,,2013.0,2013.0,,Year,,,,,,,,,,,,,,,Category,Category,,Sales of Subsidiaries between Company Groups,Sales of Subsidiaries between Company Groups,,,,TIME - DELETEME,TIME - DELETEME,,Annual,Annual,,,
189.0,,,,Number,,,,,,,,,,,,,2014.0,2014.0,,Year,,,,,,,,,,,,,,,Category,Category,,Total of all Mergers and Acquisitions,Total of all Mergers and Acquisitions,,,,TIME - DELETEME,TIME - DELETEME,,Annual,Annual,,,
8032.0,,,,Value,,,,,,,,,,,,,2014.0,2014.0,,Year,,,,,,,,,,,,,,,Category,Category,,Total of all Mergers and Acquisitions,Total of all Mergers and Acquisitions,,,,TIME - DELETEME,TIME - DELETEME,,Annual,Annual,,,
150.0,,,,Number,,,,,,,,,,,,,2014.0,2014.0,,Year,,,,,,,,,,,,,,,Category,Category,,Mergers and Acquisitions of Independent Companies,Mergers and Acquisitions of Independent Companies,,,,TIME - DELETEME,TIME - DELETEME,,Annual,Annual,,,
5968.0,,,,Value,,,,,,,,,,,,,2014.0,2014.0,,Year,,,,,,,,,,,,,,,Category,Category,,Mergers and Acquisitions of Independent Companies,Mergers and Acquisitions of Independent Companies,,,,TIME - DELETEME,TIME - DELETEME,,Annual,Annual,,,
39.0,,,,Number,,,,,,,,,,,,,2014.0,2014.0,,Year,,,,,,,,,,,,,,,Category,Category,,Sales of Subsidiaries between Company Groups,Sales of Subsidiaries between Company Groups,,,,TIME - DELETEME,TIME - DELETEME,,Annual,Annual,,,
2063.0,,,,Value,,,,,,,,,,,,,2014.0,2014.0,,Year,,,,,,,,,,,,,,,Category,Category,,Sales of Subsidiaries between Company Groups,Sales of Subsidiaries between Company Groups,,,,TIME - DELETEME,TIME - DELETEME,,Annual,Annual,,,
59.0,,,,Number,,,,,,,,,,,,,2009 Q2 ,2009 Q2 ,,Quarter,,,,,,,,,,,,,,,Category,Category,,Total of all Mergers and Acquisitions,Total of all Mergers and Acquisitions,,,,TIME - DELETEME,TIME - DELETEME,,Quarterly,Quarterly,,,
729.0,,,,Value,,,,,,,,,,,,,2009 Q2 ,2009 Q2 ,,Quarter,,,,,,,,,,,,,,,Category,Category,,Total of all Mergers and Acquisitions,Total of all Mergers and Acquisitions,,,,TIME - DELETEME,TIME - DELETEME,,Quarterly,Quarterly,,,
41.0,,,,Number,,,,,,,,,,,,,2009 Q2 ,2009 Q2 ,,Quarter,,,,,,,,,,,,,,,Category,Category,,Mergers and Acquisitions of Independent Companies,Mergers and Acquisitions of Independent Companies,,,,TIME - DELETEME,TIME - DELETEME,,Quarterly,Quarterly,,,
579.0,,,,Value,,,,,,,,,,,,,2009 Q2 ,2009 Q2 ,,Quarter,,,,,,,,,,,,,,,Category,Category,,Mergers and Acquisitions of Independent Companies,Mergers and Acquisitions of Independent Companies,,,,TIME - DELETEME,TIME - DELETEME,,Quarterly,Quarterly,,,
18.0,,,,Number,,,,,,,,,,,,,2009 Q2 ,2009 Q2 ,,Quarter,,,,,,,,,,,,,,,Category,Category,,Sales of Subsidiaries between Company Groups,Sales of Subsidiaries between Company Groups,,,,TIME - DELETEME,TIME - DELETEME,,Quarterly,Quarterly,,,
150.0,,,,Value,,,,,,,,,,,,,2009 Q2 ,2009 Q2 ,,Quarter,,,,,,,,,,,,,,,Category,Category,,Sales of Subsidiaries between Company Groups,Sales of Subsidiaries between Company Groups,,,,TIME - DELETEME,TIME - DELETEME,,Quarterly,Quarterly,,,
62.0,,,,Number,,,,,,,,,,,,,2009 Q3 ,2009 Q3 ,,Quarter,,,,,,,,,,,,,,,Category,Category,,Total of all Mergers and Acquisitions,Total of all Mergers and Acquisitions,,,,TIME - DELETEME,TIME - DELETEME,,Quarterly,Quarterly,,,
1886.0,,,,Value,,,,,,,,,,,,,2009 Q3 ,2009 Q3 ,,Quarter,,,,,,,,,,,,,,,Category,Category,,Total of all Mergers and Acquisitions,Total of all Mergers and Acquisitions,,,,TIME - DELETEME,TIME - DELETEME,,Quarterly,Quarterly,,,
43.0,,,,Number,,,,,,,,,,,,,2009 Q3 ,2009 Q3 ,,Quarter,,,,,,,,,,,,,,,Category,Category,,Mergers and Acquisitions of Independent Companies,Mergers and Acquisitions of Independent Companies,,,,TIME - DELETEME,TIME - DELETEME,,Quarterly,Quarterly,,,
1652.0,,,,Value,,,,,,,,,,,,,2009 Q3 ,2009 Q3 ,,Quarter,,,,,,,,,,,,,,,Category,Category,,Mergers and Acquisitions of Independent Companies,Mergers and Acquisitions of Independent Companies,,,,TIME - DELETEME,TIME - DELETEME,,Quarterly,Quarterly,,,
19.0,,,,Number,,,,,,,,,,,,,2009 Q3 ,2009 Q3 ,,Quarter,,,,,,,,,,,,,,,Category,Category,,Sales of Subsidiaries between Company Groups,Sales of Subsidiaries between Company Groups,,,,TIME - DELETEME,TIME - DELETEME,,Quarterly,Quarterly,,,
234.0,,,,Value,,,,,,,,,,,,,2009 Q3 ,2009 Q3 ,,Quarter,,,,,,,,,,,,,,,Category,Category,,Sales of Subsidiaries between Company Groups,Sales of Subsidiaries between Company Groups,,,,TIME - DELETEME,TIME - DELETEME,,Quarterly,Quarterly,,,
77.0,,,,Number,,,,,,,,,,,,,2009 Q4 ,2009 Q4 ,,Quarter,,,,,,,,,,,,,,,Category,Category,,Total of all Mergers and Acquisitions,Total of all Mergers and Acquisitions,,,,TIME - DELETEME,TIME - DELETEME,,Quarterly,Quarterly,,,
1374.0,,,,Value,,,,,,,,,,,,,2009 Q4 ,2009 Q4 ,,Quarter,,,,,,,,,,,,,,,Category,Category,,Total of all Mergers and Acquisitions,Total of all Mergers and Acquisitions,,,,TIME - DELETEME,TIME - DELETEME,,Quarterly,Quarterly,,,
55.0,,,,Number,,,,,,,,,,,,,2009 Q4 ,2009 Q4 ,,Quarter,,,,,,,,,,,,,,,Category,Category,,Mergers and Acquisitions of Independent Companies,Mergers and Acquisitions of Independent Companies,,,,TIME - DELETEME,TIME - DELETEME,,Quarterly,Quarterly,,,
1152.0,,,,Value,,,,,,,,,,,,,2009 Q4 ,2009 Q4 ,,Quarter,,,,,,,,,,,,,,,Category,Category,,Mergers and Acquisitions of Independent Companies,Mergers and Acquisitions of Independent Companies,,,,TIME - DELETEME,TIME - DELETEME,,Quarterly,Quarterly,,,
22.0,,,,Number,,,,,,,,,,,,,2009 Q4 ,2009 Q4 ,,Quarter,,,,,,,,,,,,,,,Category,Category,,Sales of Subsidiaries between Company Groups,Sales of Subsidiaries between Company Groups,,,,TIME - DELETEME,TIME - DELETEME,,Quarterly,Quarterly,,,
222.0,,,,Value,,,,,,,,,,,,,2009 Q4 ,2009 Q4 ,,Quarter,,,,,,,,,,,,,,,Category,Category,,Sales of Subsidiaries between Company Groups,Sales of Subsidiaries between Company Groups,,,,TIME - DELETEME,TIME - DELETEME,,Quarterly,Quarterly,,,
67.0,,,,Number,,,,,,,,,,,,,2010 Q1¹,2010 Q1¹,,,,,,,,,,,,,,,,,Category,Category,,Total of all Mergers and Acquisitions,Total of all Mergers and Acquisitions,,,,TIME - DELETEME,TIME - DELETEME,,Quarterly,Quarterly,,,
1361.0,,,,Value,,,,,,,,,,,,,2010 Q1¹,2010 Q1¹,,,,,,,,,,,,,,,,,Category,Category,,Total of all Mergers and Acquisitions,Total of all Mergers and Acquisitions,,,,TIME - DELETEME,TIME - DELETEME,,Quarterly,Quarterly,,,
50.0,,,,Number,,,,,,,,,,,,,2010 Q1¹,2010 Q1¹,,,,,,,,,,,,,,,,,Category,Category,,Mergers and Acquisitions of Independent Companies,Mergers and Acquisitions of Independent Companies,,,,TIME - DELETEME,TIME - DELETEME,,Quarterly,Quarterly,,,
825.0,,,,Value,,,,,,,,,,,,,2010 Q1¹,2010 Q1¹,,,,,,,,,,,,,,,,,Category,Category,,Mergers and Acquisitions of Independent Companies,Mergers and Acquisitions of Independent Companies,,,,TIME - DELETEME,TIME - DELETEME,,Quarterly,Quarterly,,,
17.0,,,,Number,,,,,,,,,,,,,2010 Q1¹,2010 Q1¹,,,,,,,,,,,,,,,,,Category,Category,,Sales of Subsidiaries between Company Groups,Sales of Subsidiaries between Company Groups,,,,TIME - DELETEME,TIME - DELETEME,,Quarterly,Quarterly,,,
536.0,,,,Value,,,,,,,,,,,,,2010 Q1¹,2010 Q1¹,,,,,,,,,,,,,,,,,Category,Category,,Sales of Subsidiaries between Company Groups,Sales of Subsidiaries between Company Groups,,,,TIME - DELETEME,TIME - DELETEME,,Quarterly,Quarterly,,,
95.0,,,,Number,,,,,,,,,,,,,2010 Q2 ,2010 Q2 ,,Quarter,,,,,,,,,,,,,,,Category,Category,,Total of all Mergers and Acquisitions,Total of all Mergers and Acquisitions,,,,TIME - DELETEME,TIME - DELETEME,,Quarterly,Quarterly,,,
2032.0,,,,Value,,,,,,,,,,,,,2010 Q2 ,2010 Q2 ,,Quarter,,,,,,,,,,,,,,,Category,Category,,Total of all Mergers and Acquisitions,Total of all Mergers and Acquisitions,,,,TIME - DELETEME,TIME - DELETEME,,Quarterly,Quarterly,,,
70.0,,,,Number,,,,,,,,,,,,,2010 Q2 ,2010 Q2 ,,Quarter,,,,,,,,,,,,,,,Category,Category,,Mergers and Acquisitions of Independent Companies,Mergers and Acquisitions of Independent Companies,,,,TIME - DELETEME,TIME - DELETEME,,Quarterly,Quarterly,,,
1272.0,,,,Value,,,,,,,,,,,,,2010 Q2 ,2010 Q2 ,,Quarter,,,,,,,,,,,,,,,Category,Category,,Mergers and Acquisitions of Independent Companies,Mergers and Acquisitions of Independent Companies,,,,TIME - DELETEME,TIME - DELETEME,,Quarterly,Quarterly,,,
25.0,,,,Number,,,,,,,,,,,,,2010 Q2 ,2010 Q2 ,,Quarter,,,,,,,,,,,,,,,Category,Category,,Sales of Subsidiaries between Company Groups,Sales of Subsidiaries between Company Groups,,,,TIME - DELETEME,TIME - DELETEME,,Quarterly,Quarterly,,,
760.0,,,,Value,,,,,,,,,,,,,2010 Q2 ,2010 Q2 ,,Quarter,,,,,,,,,,,,,,,Category,Category,,Sales of Subsidiaries between Company Groups,Sales of Subsidiaries between Company Groups,,,,TIME - DELETEME,TIME - DELETEME,,Quarterly,Quarterly,,,
80.0,,,,Number,,,,,,,,,,,,,2010 Q3 ,2010 Q3 ,,Quarter,,,,,,,,,,,,,,,Category,Category,,Total of all Mergers and Acquisitions,Total of all Mergers and Acquisitions,,,,TIME - DELETEME,TIME - DELETEME,,Quarterly,Quarterly,,,
2949.0,,,,Value,,,,,,,,,,,,,2010 Q3 ,2010 Q3 ,,Quarter,,,,,,,,,,,,,,,Category,Category,,Total of all Mergers and Acquisitions,Total of all Mergers and Acquisitions,,,,TIME - DELETEME,TIME - DELETEME,,Quarterly,Quarterly,,,
58.0,,,,Number,,,,,,,,,,,,,2010 Q3 ,2010 Q3 ,,Quarter,,,,,,,,,,,,,,,Category,Category,,Mergers and Acquisitions of Independent Companies,Mergers and Acquisitions of Independent Companies,,,,TIME - DELETEME,TIME - DELETEME,,Quarterly,Quarterly,,,
2017.0,,,,Value,,,,,,,,,,,,,2010 Q3 ,2010 Q3 ,,Quarter,,,,,,,,,,,,,,,Category,Category,,Mergers and Acquisitions of Independent Companies,Mergers and Acquisitions of Independent Companies,,,,TIME - DELETEME,TIME - DELETEME,,Quarterly,Quarterly,,,
22.0,,,,Number,,,,,,,,,,,,,2010 Q3 ,2010 Q3 ,,Quarter,,,,,,,,,,,,,,,Category,Category,,Sales of Subsidiaries between Company Groups,Sales of Subsidiaries between Company Groups,,,,TIME - DELETEME,TIME - DELETEME,,Quarterly,Quarterly,,,
932.0,,,,Value,,,,,,,,,,,,,2010 Q3 ,2010 Q3 ,,Quarter,,,,,,,,,,,,,,,Category,Category,,Sales of Subsidiaries between Company Groups,Sales of Subsidiaries between Company Groups,,,,TIME - DELETEME,TIME - DELETEME,,Quarterly,Quarterly,,,
83.0,,,,Number,,,,,,,,,,,,,2010 Q4 ,2010 Q4 ,,Quarter,,,,,,,,,,,,,,,Category,Category,,Total of all Mergers and Acquisitions,Total of all Mergers and Acquisitions,,,,TIME - DELETEME,TIME - DELETEME,,Quarterly,Quarterly,,,
6263.0,,,,Value,,,,,,,,,,,,,2010 Q4 ,2010 Q4 ,,Quarter,,,,,,,,,,,,,,,Category,Category,,Total of all Mergers and Acquisitions,Total of all Mergers and Acquisitions,,,,TIME - DELETEME,TIME - DELETEME,,Quarterly,Quarterly,,,
65.0,,,,Number,,,,,,,,,,,,,2010 Q4 ,2010 Q4 ,,Quarter,,,,,,,,,,,,,,,Category,Category,,Mergers and Acquisitions of Independent Companies,Mergers and Acquisitions of Independent Companies,,,,TIME - DELETEME,TIME - DELETEME,,Quarterly,Quarterly,,,
3661.0,,,,Value,,,,,,,,,,,,,2010 Q4 ,2010 Q4 ,,Quarter,,,,,,,,,,,,,,,Category,Category,,Mergers and Acquisitions of Independent Companies,Mergers and Acquisitions of Independent Companies,,,,TIME - DELETEME,TIME - DELETEME,,Quarterly,Quarterly,,,
18.0,,,,Number,,,,,,,,,,,,,2010 Q4 ,2010 Q4 ,,Quarter,,,,,,,,,,,,,,,Category,Category,,Sales of Subsidiaries between Company Groups,Sales of Subsidiaries between Company Groups,,,,TIME - DELETEME,TIME - DELETEME,,Quarterly,Quarterly,,,
2602.0,,,,Value,,,,,,,,,,,,,2010 Q4 ,2010 Q4 ,,Quarter,,,,,,,,,,,,,,,Category,Category,,Sales of Subsidiaries between Company Groups,Sales of Subsidiaries between Company Groups,,,,TIME - DELETEME,TIME - DELETEME,,Quarterly,Quarterly,,,
76.0,,,,Number,,,,,,,,,,,,,2011 Q1 ,2011 Q1 ,,Quarter,,,,,,,,,,,,,,,Category,Category,,Total of all Mergers and Acquisitions,Total of all Mergers and Acquisitions,,,,TIME - DELETEME,TIME - DELETEME,,Quarterly,Quarterly,,,
1500.0,,,,Value,,,,,,,,,,,,,2011 Q1 ,2011 Q1 ,,Quarter,,,,,,,,,,,,,,,Category,Category,,Total of all Mergers and Acquisitions,Total of all Mergers and Acquisitions,,,,TIME - DELETEME,TIME - DELETEME,,Quarterly,Quarterly,,,
51.0,,,,Number,,,,,,,,,,,,,2011 Q1 ,2011 Q1 ,,Quarter,,,,,,,,,,,,,,,Category,Category,,Mergers and Acquisitions of Independent Companies,Mergers and Acquisitions of Independent Companies,,,,TIME - DELETEME,TIME - DELETEME,,Quarterly,Quarterly,,,
829.0,,,,Value,,,,,,,,,,,,,2011 Q1 ,2011 Q1 ,,Quarter,,,,,,,,,,,,,,,Category,Category,,Mergers and Acquisitions of Independent Companies,Mergers and Acquisitions of Independent Companies,,,,TIME - DELETEME,TIME - DELETEME,,Quarterly,Quarterly,,,
25.0,,,,Number,,,,,,,,,,,,,2011 Q1 ,2011 Q1 ,,Quarter,,,,,,,,,,,,,,,Category,Category,,Sales of Subsidiaries between Company Groups,Sales of Subsidiaries between Company Groups,,,,TIME - DELETEME,TIME - DELETEME,,Quarterly,Quarterly,,,
671.0,,,,Value,,,,,,,,,,,,,2011 Q1 ,2011 Q1 ,,Quarter,,,,,,,,,,,,,,,Category,Category,,Sales of Subsidiaries between Company Groups,Sales of Subsidiaries between Company Groups,,,,TIME - DELETEME,TIME - DELETEME,,Quarterly,Quarterly,,,
94.0,,,,Number,,,,,,,,,,,,,2011 Q2 ,2011 Q2 ,,Quarter,,,,,,,,,,,,,,,Category,Category,,Total of all Mergers and Acquisitions,Total of all Mergers and Acquisitions,,,,TIME - DELETEME,TIME - DELETEME,,Quarterly,Quarterly,,,
3346.0,,,,Value,,,,,,,,,,,,,2011 Q2 ,2011 Q2 ,,Quarter,,,,,,,,,,,,,,,Category,Category,,Total of all Mergers and Acquisitions,Total of all Mergers and Acquisitions,,,,TIME - DELETEME,TIME - DELETEME,,Quarterly,Quarterly,,,
75.0,,,,Number,,,,,,,,,,,,,2011 Q2 ,2011 Q2 ,,Quarter,,,,,,,,,,,,,,,Category,Category,,Mergers and Acquisitions of Independent Companies,Mergers and Acquisitions of Independent Companies,,,,TIME - DELETEME,TIME - DELETEME,,Quarterly,Quarterly,,,
2571.0,,,,Value,,,,,,,,,,,,,2011 Q2 ,2011 Q2 ,,Quarter,,,,,,,,,,,,,,,Category,Category,,Mergers and Acquisitions of Independent Companies,Mergers and Acquisitions of Independent Companies,,,,TIME - DELETEME,TIME - DELETEME,,Quarterly,Quarterly,,,
19.0,,,,Number,,,,,,,,,,,,,2011 Q2 ,2011 Q2 ,,Quarter,,,,,,,,,,,,,,,Category,Category,,Sales of Subsidiaries between Company Groups,Sales of Subsidiaries between Company Groups,,,,TIME - DELETEME,TIME - DELETEME,,Quarterly,Quarterly,,,
775.0,,,,Value,,,,,,,,,,,,,2011 Q2 ,2011 Q2 ,,Quarter,,,,,,,,,,,,,,,Category,Category,,Sales of Subsidiaries between Company Groups,Sales of Subsidiaries between Company Groups,,,,TIME - DELETEME,TIME - DELETEME,,Quarterly,Quarterly,,,
97.0,,,,Number,,,,,,,,,,,,,2011 Q3 ,2011 Q3 ,,Quarter,,,,,,,,,,,,,,,Category,Category,,Total of all Mergers and Acquisitions,Total of all Mergers and Acquisitions,,,,TIME - DELETEME,TIME - DELETEME,,Quarterly,Quarterly,,,
1452.0,,,,Value,,,,,,,,,,,,,2011 Q3 ,2011 Q3 ,,Quarter,,,,,,,,,,,,,,,Category,Category,,Total of all Mergers and Acquisitions,Total of all Mergers and Acquisitions,,,,TIME - DELETEME,TIME - DELETEME,,Quarterly,Quarterly,,,
71.0,,,,Number,,,,,,,,,,,,,2011 Q3 ,2011 Q3 ,,Quarter,,,,,,,,,,,,,,,Category,Category,,Mergers and Acquisitions of Independent Companies,Mergers and Acquisitions of Independent Companies,,,,TIME - DELETEME,TIME - DELETEME,,Quarterly,Quarterly,,,
941.0,,,,Value,,,,,,,,,,,,,2011 Q3 ,2011 Q3 ,,Quarter,,,,,,,,,,,,,,,Category,Category,,Mergers and Acquisitions of Independent Companies,Mergers and Acquisitions of Independent Companies,,,,TIME - DELETEME,TIME - DELETEME,,Quarterly,Quarterly,,,
26.0,,,,Number,,,,,,,,,,,,,2011 Q3 ,2011 Q3 ,,Quarter,,,,,,,,,,,,,,,Category,Category,,Sales of Subsidiaries between Company Groups,Sales of Subsidiaries between Company Groups,,,,TIME - DELETEME,TIME - DELETEME,,Quarterly,Quarterly,,,
511.0,,,,Value,,,,,,,,,,,,,2011 Q3 ,2011 Q3 ,,Quarter,,,,,,,,,,,,,,,Category,Category,,Sales of Subsidiaries between Company Groups,Sales of Subsidiaries between Company Groups,,,,TIME - DELETEME,TIME - DELETEME,,Quarterly,Quarterly,,,
106.0,,,,Number,,,,,,,,,,,,,2011 Q4 ,2011 Q4 ,,Quarter,,,,,,,,,,,,,,,Category,Category,,Total of all Mergers and Acquisitions,Total of all Mergers and Acquisitions,,,,TIME - DELETEME,TIME - DELETEME,,Quarterly,Quarterly,,,
1791.0,,,,Value,,,,,,,,,,,,,2011 Q4 ,2011 Q4 ,,Quarter,,,,,,,,,,,,,,,Category,Category,,Total of all Mergers and Acquisitions,Total of all Mergers and Acquisitions,,,,TIME - DELETEME,TIME - DELETEME,,Quarterly,Quarterly,,,
79.0,,,,Number,,,,,,,,,,,,,2011 Q4 ,2011 Q4 ,,Quarter,,,,,,,,,,,,,,,Category,Category,,Mergers and Acquisitions of Independent Companies,Mergers and Acquisitions of Independent Companies,,,,TIME - DELETEME,TIME - DELETEME,,Quarterly,Quarterly,,,
924.0,,,,Value,,,,,,,,,,,,,2011 Q4 ,2011 Q4 ,,Quarter,,,,,,,,,,,,,,,Category,Category,,Mergers and Acquisitions of Independent Companies,Mergers and Acquisitions of Independent Companies,,,,TIME - DELETEME,TIME - DELETEME,,Quarterly,Quarterly,,,
27.0,,,,Number,,,,,,,,,,,,,2011 Q4 ,2011 Q4 ,,Quarter,,,,,,,,,,,,,,,Category,Category,,Sales of Subsidiaries between Company Groups,Sales of Subsidiaries between Company Groups,,,,TIME - DELETEME,TIME - DELETEME,,Quarterly,Quarterly,,,
867.0,,,,Value,,,,,,,,,,,,,2011 Q4 ,2011 Q4 ,,Quarter,,,,,,,,,,,,,,,Category,Category,,Sales of Subsidiaries between Company Groups,Sales of Subsidiaries between Company Groups,,,,TIME - DELETEME,TIME - DELETEME,,Quarterly,Quarterly,,,
62.0,,,,Number,,,,,,,,,,,,,2012 Q1 ,2012 Q1 ,,Quarter,,,,,,,,,,,,,,,Category,Category,,Total of all Mergers and Acquisitions,Total of all Mergers and Acquisitions,,,,TIME - DELETEME,TIME - DELETEME,,Quarterly,Quarterly,,,
1070.0,,,,Value,,,,,,,,,,,,,2012 Q1 ,2012 Q1 ,,Quarter,,,,,,,,,,,,,,,Category,Category,,Total of all Mergers and Acquisitions,Total of all Mergers and Acquisitions,,,,TIME - DELETEME,TIME - DELETEME,,Quarterly,Quarterly,,,
49.0,,,,Number,,,,,,,,,,,,,2012 Q1 ,2012 Q1 ,,Quarter,,,,,,,,,,,,,,,Category,Category,,Mergers and Acquisitions of Independent Companies,Mergers and Acquisitions of Independent Companies,,,,TIME - DELETEME,TIME - DELETEME,,Quarterly,Quarterly,,,
871.0,,,,Value,,,,,,,,,,,,,2012 Q1 ,2012 Q1 ,,Quarter,,,,,,,,,,,,,,,Category,Category,,Mergers and Acquisitions of Independent Companies,Mergers and Acquisitions of Independent Companies,,,,TIME - DELETEME,TIME - DELETEME,,Quarterly,Quarterly,,,
13.0,,,,Number,,,,,,,,,,,,,2012 Q1 ,2012 Q1 ,,Quarter,,,,,,,,,,,,,,,Category,Category,,Sales of Subsidiaries between Company Groups,Sales of Subsidiaries between Company Groups,,,,TIME - DELETEME,TIME - DELETEME,,Quarterly,Quarterly,,,
199.0,,,,Value,,,,,,,,,,,,,2012 Q1 ,2012 Q1 ,,Quarter,,,,,,,,,,,,,,,Category,Category,,Sales of Subsidiaries between Company Groups,Sales of Subsidiaries between Company Groups,,,,TIME - DELETEME,TIME - DELETEME,,Quarterly,Quarterly,,,
81.0,,,,Number,,,,,,,,,,,,,2012 Q2 ,2012 Q2 ,,Quarter,,,,,,,,,,,,,,,Category,Category,,Total of all Mergers and Acquisitions,Total of all Mergers and Acquisitions,,,,TIME - DELETEME,TIME - DELETEME,,Quarterly,Quarterly,,,
1041.0,,,,Value,,,,,,,,,,,,,2012 Q2 ,2012 Q2 ,,Quarter,,,,,,,,,,,,,,,Category,Category,,Total of all Mergers and Acquisitions,Total of all Mergers and Acquisitions,,,,TIME - DELETEME,TIME - DELETEME,,Quarterly,Quarterly,,,
65.0,,,,Number,,,,,,,,,,,,,2012 Q2 ,2012 Q2 ,,Quarter,,,,,,,,,,,,,,,Category,Category,,Mergers and Acquisitions of Independent Companies,Mergers and Acquisitions of Independent Companies,,,,TIME - DELETEME,TIME - DELETEME,,Quarterly,Quarterly,,,
695.0,,,,Value,,,,,,,,,,,,,2012 Q2 ,2012 Q2 ,,Quarter,,,,,,,,,,,,,,,Category,Category,,Mergers and Acquisitions of Independent Companies,Mergers and Acquisitions of Independent Companies,,,,TIME - DELETEME,TIME - DELETEME,,Quarterly,Quarterly,,,
16.0,,,,Number,,,,,,,,,,,,,2012 Q2 ,2012 Q2 ,,Quarter,,,,,,,,,,,,,,,Category,Category,,Sales of Subsidiaries between Company Groups,Sales of Subsidiaries between Company Groups,,,,TIME - DELETEME,TIME - DELETEME,,Quarterly,Quarterly,,,
346.0,,,,Value,,,,,,,,,,,,,2012 Q2 ,2012 Q2 ,,Quarter,,,,,,,,,,,,,,,Category,Category,,Sales of Subsidiaries between Company Groups,Sales of Subsidiaries between Company Groups,,,,TIME - DELETEME,TIME - DELETEME,,Quarterly,Quarterly,,,
62.0,,,,Number,,,,,,,,,,,,,2012 Q3 ,2012 Q3 ,,Quarter,,,,,,,,,,,,,,,Category,Category,,Total of all Mergers and Acquisitions,Total of all Mergers and Acquisitions,,,,TIME - DELETEME,TIME - DELETEME,,Quarterly,Quarterly,,,
610.0,,,,Value,,,,,,,,,,,,,2012 Q3 ,2012 Q3 ,,Quarter,,,,,,,,,,,,,,,Category,Category,,Total of all Mergers and Acquisitions,Total of all Mergers and Acquisitions,,,,TIME - DELETEME,TIME - DELETEME,,Quarterly,Quarterly,,,
55.0,,,,Number,,,,,,,,,,,,,2012 Q3 ,2012 Q3 ,,Quarter,,,,,,,,,,,,,,,Category,Category,,Mergers and Acquisitions of Independent Companies,Mergers and Acquisitions of Independent Companies,,,,TIME - DELETEME,TIME - DELETEME,,Quarterly,Quarterly,,,
510.0,,,,Value,,,,,,,,,,,,,2012 Q3 ,2012 Q3 ,,Quarter,,,,,,,,,,,,,,,Category,Category,,Mergers and Acquisitions of Independent Companies,Mergers and Acquisitions of Independent Companies,,,,TIME - DELETEME,TIME - DELETEME,,Quarterly,Quarterly,,,
7.0,,,,Number,,,,,,,,,,,,,2012 Q3 ,2012 Q3 ,,Quarter,,,,,,,,,,,,,,,Category,Category,,Sales of Subsidiaries between Company Groups,Sales of Subsidiaries between Company Groups,,,,TIME - DELETEME,TIME - DELETEME,,Quarterly,Quarterly,,,
100.0,,,,Value,,,,,,,,,,,,,2012 Q3 ,2012 Q3 ,,Quarter,,,,,,,,,,,,,,,Category,Category,,Sales of Subsidiaries between Company Groups,Sales of Subsidiaries between Company Groups,,,,TIME - DELETEME,TIME - DELETEME,,Quarterly,Quarterly,,,
61.0,,,,Number,,,,,,,,,,,,,2012 Q4 ,2012 Q4 ,,Quarter,,,,,,,,,,,,,,,Category,Category,,Total of all Mergers and Acquisitions,Total of all Mergers and Acquisitions,,,,TIME - DELETEME,TIME - DELETEME,,Quarterly,Quarterly,,,
692.0,,,,Value,,,,,,,,,,,,,2012 Q4 ,2012 Q4 ,,Quarter,,,,,,,,,,,,,,,Category,Category,,Total of all Mergers and Acquisitions,Total of all Mergers and Acquisitions,,,,TIME - DELETEME,TIME - DELETEME,,Quarterly,Quarterly,,,
47.0,,,,Number,,,,,,,,,,,,,2012 Q4 ,2012 Q4 ,,Quarter,,,,,,,,,,,,,,,Category,Category,,Mergers and Acquisitions of Independent Companies,Mergers and Acquisitions of Independent Companies,,,,TIME - DELETEME,TIME - DELETEME,,Quarterly,Quarterly,,,
460.0,,,,Value,,,,,,,,,,,,,2012 Q4 ,2012 Q4 ,,Quarter,,,,,,,,,,,,,,,Category,Category,,Mergers and Acquisitions of Independent Companies,Mergers and Acquisitions of Independent Companies,,,,TIME - DELETEME,TIME - DELETEME,,Quarterly,Quarterly,,,
14.0,,,,Number,,,,,,,,,,,,,2012 Q4 ,2012 Q4 ,,Quarter,,,,,,,,,,,,,,,Category,Category,,Sales of Subsidiaries between Company Groups,Sales of Subsidiaries between Company Groups,,,,TIME - DELETEME,TIME - DELETEME,,Quarterly,Quarterly,,,
232.0,,,,Value,,,,,,,,,,,,,2012 Q4 ,2012 Q4 ,,Quarter,,,,,,,,,,,,,,,Category,Category,,Sales of Subsidiaries between Company Groups,Sales of Subsidiaries between Company Groups,,,,TIME - DELETEME,TIME - DELETEME,,Quarterly,Quarterly,,,
39.0,,,,Number,,,,,,,,,,,,,2013 Q1 ,2013 Q1 ,,Quarter,,,,,,,,,,,,,,,Category,Category,,Total of all Mergers and Acquisitions,Total of all Mergers and Acquisitions,,,,TIME - DELETEME,TIME - DELETEME,,Quarterly,Quarterly,,,
2825.0,,,,Value,,,,,,,,,,,,,2013 Q1 ,2013 Q1 ,,Quarter,,,,,,,,,,,,,,,Category,Category,,Total of all Mergers and Acquisitions,Total of all Mergers and Acquisitions,,,,TIME - DELETEME,TIME - DELETEME,,Quarterly,Quarterly,,,
23.0,,,,Number,,,,,,,,,,,,,2013 Q1 ,2013 Q1 ,,Quarter,,,,,,,,,,,,,,,Category,Category,,Mergers and Acquisitions of Independent Companies,Mergers and Acquisitions of Independent Companies,,,,TIME - DELETEME,TIME - DELETEME,,Quarterly,Quarterly,,,
593.0,,,,Value,,,,,,,,,,,,,2013 Q1 ,2013 Q1 ,,Quarter,,,,,,,,,,,,,,,Category,Category,,Mergers and Acquisitions of Independent Companies,Mergers and Acquisitions of Independent Companies,,,,TIME - DELETEME,TIME - DELETEME,,Quarterly,Quarterly,,,
16.0,,,,Number,,,,,,,,,,,,,2013 Q1 ,2013 Q1 ,,Quarter,,,,,,,,,,,,,,,Category,Category,,Sales of Subsidiaries between Company Groups,Sales of Subsidiaries between Company Groups,,,,TIME - DELETEME,TIME - DELETEME,,Quarterly,Quarterly,,,
2232.0,,,,Value,,,,,,,,,,,,,2013 Q1 ,2013 Q1 ,,Quarter,,,,,,,,,,,,,,,Category,Category,,Sales of Subsidiaries between Company Groups,Sales of Subsidiaries between Company Groups,,,,TIME - DELETEME,TIME - DELETEME,,Quarterly,Quarterly,,,
68.0,,,,Number,,,,,,,,,,,,,2013 Q2 ,2013 Q2 ,,Quarter,,,,,,,,,,,,,,,Category,Category,,Total of all Mergers and Acquisitions,Total of all Mergers and Acquisitions,,,,TIME - DELETEME,TIME - DELETEME,,Quarterly,Quarterly,,,
2438.0,,,,Value,,,,,,,,,,,,,2013 Q2 ,2013 Q2 ,,Quarter,,,,,,,,,,,,,,,Category,Category,,Total of all Mergers and Acquisitions,Total of all Mergers and Acquisitions,,,,TIME - DELETEME,TIME - DELETEME,,Quarterly,Quarterly,,,
53.0,,,,Number,,,,,,,,,,,,,2013 Q2 ,2013 Q2 ,,Quarter,,,,,,,,,,,,,,,Category,Category,,Mergers and Acquisitions of Independent Companies,Mergers and Acquisitions of Independent Companies,,,,TIME - DELETEME,TIME - DELETEME,,Quarterly,Quarterly,,,
2104.0,,,,Value,,,,,,,,,,,,,2013 Q2 ,2013 Q2 ,,Quarter,,,,,,,,,,,,,,,Category,Category,,Mergers and Acquisitions of Independent Companies,Mergers and Acquisitions of Independent Companies,,,,TIME - DELETEME,TIME - DELETEME,,Quarterly,Quarterly,,,
15.0,,,,Number,,,,,,,,,,,,,2013 Q2 ,2013 Q2 ,,Quarter,,,,,,,,,,,,,,,Category,Category,,Sales of Subsidiaries between Company Groups,Sales of Subsidiaries between Company Groups,,,,TIME - DELETEME,TIME - DELETEME,,Quarterly,Quarterly,,,
334.0,,,,Value,,,,,,,,,,,,,2013 Q2 ,2013 Q2 ,,Quarter,,,,,,,,,,,,,,,Category,Category,,Sales of Subsidiaries between Company Groups,Sales of Subsidiaries between Company Groups,,,,TIME - DELETEME,TIME - DELETEME,,Quarterly,Quarterly,,,
72.0,,,,Number,,,,,,,,,,,,,2013 Q3,2013 Q3,,Quarter,,,,,,,,,,,,,,,Category,Category,,Total of all Mergers and Acquisitions,Total of all Mergers and Acquisitions,,,,TIME - DELETEME,TIME - DELETEME,,Quarterly,Quarterly,,,
1166.0,,,,Value,,,,,,,,,,,,,2013 Q3,2013 Q3,,Quarter,,,,,,,,,,,,,,,Category,Category,,Total of all Mergers and Acquisitions,Total of all Mergers and Acquisitions,,,,TIME - DELETEME,TIME - DELETEME,,Quarterly,Quarterly,,,
55.0,,,,Number,,,,,,,,,,,,,2013 Q3,2013 Q3,,Quarter,,,,,,,,,,,,,,,Category,Category,,Mergers and Acquisitions of Independent Companies,Mergers and Acquisitions of Independent Companies,,,,TIME - DELETEME,TIME - DELETEME,,Quarterly,Quarterly,,,
829.0,,,,Value,,,,,,,,,,,,,2013 Q3,2013 Q3,,Quarter,,,,,,,,,,,,,,,Category,Category,,Mergers and Acquisitions of Independent Companies,Mergers and Acquisitions of Independent Companies,,,,TIME - DELETEME,TIME - DELETEME,,Quarterly,Quarterly,,,
17.0,,,,Number,,,,,,,,,,,,,2013 Q3,2013 Q3,,Quarter,,,,,,,,,,,,,,,Category,Category,,Sales of Subsidiaries between Company Groups,Sales of Subsidiaries between Company Groups,,,,TIME - DELETEME,TIME - DELETEME,,Quarterly,Quarterly,,,
337.0,,,,Value,,,,,,,,,,,,,2013 Q3,2013 Q3,,Quarter,,,,,,,,,,,,,,,Category,Category,,Sales of Subsidiaries between Company Groups,Sales of Subsidiaries between Company Groups,,,,TIME - DELETEME,TIME - DELETEME,,Quarterly,Quarterly,,,
59.0,,,,Number,,,,,,,,,,,,,2013 Q4,2013 Q4,,Quarter,,,,,,,,,,,,,,,Category,Category,,Total of all Mergers and Acquisitions,Total of all Mergers and Acquisitions,,,,TIME - DELETEME,TIME - DELETEME,,Quarterly,Quarterly,,,
1236.0,,,,Value,,,,,,,,,,,,,2013 Q4,2013 Q4,,Quarter,,,,,,,,,,,,,,,Category,Category,,Total of all Mergers and Acquisitions,Total of all Mergers and Acquisitions,,,,TIME - DELETEME,TIME - DELETEME,,Quarterly,Quarterly,,,
44.0,,,,Number,,,,,,,,,,,,,2013 Q4,2013 Q4,,Quarter,,,,,,,,,,,,,,,Category,Category,,Mergers and Acquisitions of Independent Companies,Mergers and Acquisitions of Independent Companies,,,,TIME - DELETEME,TIME - DELETEME,,Quarterly,Quarterly,,,
609.0,,,,Value,,,,,,,,,,,,,2013 Q4,2013 Q4,,Quarter,,,,,,,,,,,,,,,Category,Category,,Mergers and Acquisitions of Independent Companies,Mergers and Acquisitions of Independent Companies,,,,TIME - DELETEME,TIME - DELETEME,,Quarterly,Quarterly,,,
15.0,,,,Number,,,,,,,,,,,,,2013 Q4,2013 Q4,,Quarter,,,,,,,,,,,,,,,Category,Category,,Sales of Subsidiaries between Company Groups,Sales of Subsidiaries between Company Groups,,,,TIME - DELETEME,TIME - DELETEME,,Quarterly,Quarterly,,,
627.0,,,,Value,,,,,,,,,,,,,2013 Q4,2013 Q4,,Quarter,,,,,,,,,,,,,,,Category,Category,,Sales of Subsidiaries between Company Groups,Sales of Subsidiaries between Company Groups,,,,TIME - DELETEME,TIME - DELETEME,,Quarterly,Quarterly,,,
40.0,,,,Number,,,,,,,,,,,,,2014 Q1,2014 Q1,,Quarter,,,,,,,,,,,,,,,Category,Category,,Total of all Mergers and Acquisitions,Total of all Mergers and Acquisitions,,,,TIME - DELETEME,TIME - DELETEME,,Quarterly,Quarterly,,,
1613.0,,,,Value,,,,,,,,,,,,,2014 Q1,2014 Q1,,Quarter,,,,,,,,,,,,,,,Category,Category,,Total of all Mergers and Acquisitions,Total of all Mergers and Acquisitions,,,,TIME - DELETEME,TIME - DELETEME,,Quarterly,Quarterly,,,
32.0,,,,Number,,,,,,,,,,,,,2014 Q1,2014 Q1,,Quarter,,,,,,,,,,,,,,,Category,Category,,Mergers and Acquisitions of Independent Companies,Mergers and Acquisitions of Independent Companies,,,,TIME - DELETEME,TIME - DELETEME,,Quarterly,Quarterly,,,
1491.0,,,,Value,,,,,,,,,,,,,2014 Q1,2014 Q1,,Quarter,,,,,,,,,,,,,,,Category,Category,,Mergers and Acquisitions of Independent Companies,Mergers and Acquisitions of Independent Companies,,,,TIME - DELETEME,TIME - DELETEME,,Quarterly,Quarterly,,,
8.0,,,,Number,,,,,,,,,,,,,2014 Q1,2014 Q1,,Quarter,,,,,,,,,,,,,,,Category,Category,,Sales of Subsidiaries between Company Groups,Sales of Subsidiaries between Company Groups,,,,TIME - DELETEME,TIME - DELETEME,,Quarterly,Quarterly,,,
122.0,,,,Value,,,,,,,,,,,,,2014 Q1,2014 Q1,,Quarter,,,,,,,,,,,,,,,Category,Category,,Sales of Subsidiaries between Company Groups,Sales of Subsidiaries between Company Groups,,,,TIME - DELETEME,TIME - DELETEME,,Quarterly,Quarterly,,,
51.0,,,,Number,,,,,,,,,,,,,2014 Q2,2014 Q2,,Quarter,,,,,,,,,,,,,,,Category,Category,,Total of all Mergers and Acquisitions,Total of all Mergers and Acquisitions,,,,TIME - DELETEME,TIME - DELETEME,,Quarterly,Quarterly,,,
1625.0,,,,Value,,,,,,,,,,,,,2014 Q2,2014 Q2,,Quarter,,,,,,,,,,,,,,,Category,Category,,Total of all Mergers and Acquisitions,Total of all Mergers and Acquisitions,,,,TIME - DELETEME,TIME - DELETEME,,Quarterly,Quarterly,,,
37.0,,,,Number,,,,,,,,,,,,,2014 Q2,2014 Q2,,Quarter,,,,,,,,,,,,,,,Category,Category,,Mergers and Acquisitions of Independent Companies,Mergers and Acquisitions of Independent Companies,,,,TIME - DELETEME,TIME - DELETEME,,Quarterly,Quarterly,,,
490.0,,,,Value,,,,,,,,,,,,,2014 Q2,2014 Q2,,Quarter,,,,,,,,,,,,,,,Category,Category,,Mergers and Acquisitions of Independent Companies,Mergers and Acquisitions of Independent Companies,,,,TIME - DELETEME,TIME - DELETEME,,Quarterly,Quarterly,,,
14.0,,,,Number,,,,,,,,,,,,,2014 Q2,2014 Q2,,Quarter,,,,,,,,,,,,,,,Category,Category,,Sales of Subsidiaries between Company Groups,Sales of Subsidiaries between Company Groups,,,,TIME - DELETEME,TIME - DELETEME,,Quarterly,Quarterly,,,
1136.0,,,,Value,,,,,,,,,,,,,2014 Q2,2014 Q2,,Quarter,,,,,,,,,,,,,,,Category,Category,,Sales of Subsidiaries between Company Groups,Sales of Subsidiaries between Company Groups,,,,TIME - DELETEME,TIME - DELETEME,,Quarterly,Quarterly,,,
42.0,,,,Number,,,,,,,,,,,,,2014 Q3,2014 Q3,,Quarter,,,,,,,,,,,,,,,Category,Category,,Total of all Mergers and Acquisitions,Total of all Mergers and Acquisitions,,,,TIME - DELETEME,TIME - DELETEME,,Quarterly,Quarterly,,,
3152.0,,,,Value,,,,,,,,,,,,,2014 Q3,2014 Q3,,Quarter,,,,,,,,,,,,,,,Category,Category,,Total of all Mergers and Acquisitions,Total of all Mergers and Acquisitions,,,,TIME - DELETEME,TIME - DELETEME,,Quarterly,Quarterly,,,
32.0,,,,Number,,,,,,,,,,,,,2014 Q3,2014 Q3,,Quarter,,,,,,,,,,,,,,,Category,Category,,Mergers and Acquisitions of Independent Companies,Mergers and Acquisitions of Independent Companies,,,,TIME - DELETEME,TIME - DELETEME,,Quarterly,Quarterly,,,
2487.0,,,,Value,,,,,,,,,,,,,2014 Q3,2014 Q3,,Quarter,,,,,,,,,,,,,,,Category,Category,,Mergers and Acquisitions of Independent Companies,Mergers and Acquisitions of Independent Companies,,,,TIME - DELETEME,TIME - DELETEME,,Quarterly,Quarterly,,,
10.0,,,,Number,,,,,,,,,,,,,2014 Q3,2014 Q3,,Quarter,,,,,,,,,,,,,,,Category,Category,,Sales of Subsidiaries between Company Groups,Sales of Subsidiaries between Company Groups,,,,TIME - DELETEME,TIME - DELETEME,,Quarterly,Quarterly,,,
664.0,,,,Value,,,,,,,,,,,,,2014 Q3,2014 Q3,,Quarter,,,,,,,,,,,,,,,Category,Category,,Sales of Subsidiaries between Company Groups,Sales of Subsidiaries between Company Groups,,,,TIME - DELETEME,TIME - DELETEME,,Quarterly,Quarterly,,,
56.0,,,,Number,,,,,,,,,,,,,2014 Q4,2014 Q4,,Quarter,,,,,,,,,,,,,,,Category,Category,,Total of all Mergers and Acquisitions,Total of all Mergers and Acquisitions,,,,TIME - DELETEME,TIME - DELETEME,,Quarterly,Quarterly,,,
1642.0,,,,Value,,,,,,,,,,,,,2014 Q4,2014 Q4,,Quarter,,,,,,,,,,,,,,,Category,Category,,Total of all Mergers and Acquisitions,Total of all Mergers and Acquisitions,,,,TIME - DELETEME,TIME - DELETEME,,Quarterly,Quarterly,,,
49.0,,,,Number,,,,,,,,,,,,,2014 Q4,2014 Q4,,Quarter,,,,,,,,,,,,,,,Category,Category,,Mergers and Acquisitions of Independent Companies,Mergers and Acquisitions of Independent Companies,,,,TIME - DELETEME,TIME - DELETEME,,Quarterly,Quarterly,,,
1500.0,,,,Value,,,,,,,,,,,,,2014 Q4,2014 Q4,,Quarter,,,,,,,,,,,,,,,Category,Category,,Mergers and Acquisitions of Independent Companies,Mergers and Acquisitions of Independent Companies,,,,TIME - DELETEME,TIME - DELETEME,,Quarterly,Quarterly,,,
7.0,,,,Number,,,,,,,,,,,,,2014 Q4,2014 Q4,,Quarter,,,,,,,,,,,,,,,Category,Category,,Sales of Subsidiaries between Company Groups,Sales of Subsidiaries between Company Groups,,,,TIME - DELETEME,TIME - DELETEME,,Quarterly,Quarterly,,,
141.0,,,,Value,,,,,,,,,,,,,2014 Q4,2014 Q4,,Quarter,,,,,,,,,,,,,,,Category,Category,,Sales of Subsidiaries between Company Groups,Sales of Subsidiaries between Company Groups,,,,TIME - DELETEME,TIME - DELETEME,,Quarterly,Quarterly,,,
43.0,,,,Number,,,,,,,,,,,,,2015 Q1,2015 Q1,,Quarter,,,,,,,,,,,,,,,Category,Category,,Total of all Mergers and Acquisitions,Total of all Mergers and Acquisitions,,,,TIME - DELETEME,TIME - DELETEME,,Quarterly,Quarterly,,,
1557.0,,,,Value,,,,,,,,,,,,,2015 Q1,2015 Q1,,Quarter,,,,,,,,,,,,,,,Category,Category,,Total of all Mergers and Acquisitions,Total of all Mergers and Acquisitions,,,,TIME - DELETEME,TIME - DELETEME,,Quarterly,Quarterly,,,
33.0,,,,Number,,,,,,,,,,,,,2015 Q1,2015 Q1,,Quarter,,,,,,,,,,,,,,,Category,Category,,Mergers and Acquisitions of Independent Companies,Mergers and Acquisitions of Independent Companies,,,,TIME - DELETEME,TIME - DELETEME,,Quarterly,Quarterly,,,
1226.0,,,,Value,,,,,,,,,,,,,2015 Q1,2015 Q1,,Quarter,,,,,,,,,,,,,,,Category,Category,,Mergers and Acquisitions of Independent Companies,Mergers and Acquisitions of Independent Companies,,,,TIME - DELETEME,TIME - DELETEME,,Quarterly,Quarterly,,,
10.0,,,,Number,,,,,,,,,,,,,2015 Q1,2015 Q1,,Quarter,,,,,,,,,,,,,,,Category,Category,,Sales of Subsidiaries between Company Groups,Sales of Subsidiaries between Company Groups,,,,TIME - DELETEME,TIME - DELETEME,,Quarterly,Quarterly,,,
331.0,,,,Value,,,,,,,,,,,,,2015 Q1,2015 Q1,,Quarter,,,,,,,,,,,,,,,Category,Category,,Sales of Subsidiaries between Company Groups,Sales of Subsidiaries between Company Groups,,,,TIME - DELETEME,TIME - DELETEME,,Quarterly,Quarterly,,,
46.0,,,,Number,,,,,,,,,,,,,2015 Q2,2015 Q2,,Quarter,,,,,,,,,,,,,,,Category,Category,,Total of all Mergers and Acquisitions,Total of all Mergers and Acquisitions,,,,TIME - DELETEME,TIME - DELETEME,,Quarterly,Quarterly,,,
2250.0,,,,Value,,,,,,,,,,,,,2015 Q2,2015 Q2,,Quarter,,,,,,,,,,,,,,,Category,Category,,Total of all Mergers and Acquisitions,Total of all Mergers and Acquisitions,,,,TIME - DELETEME,TIME - DELETEME,,Quarterly,Quarterly,,,
31.0,,,,Number,,,,,,,,,,,,,2015 Q2,2015 Q2,,Quarter,,,,,,,,,,,,,,,Category,Category,,Mergers and Acquisitions of Independent Companies,Mergers and Acquisitions of Independent Companies,,,,TIME - DELETEME,TIME - DELETEME,,Quarterly,Quarterly,,,
1469.0,,,,Value,,,,,,,,,,,,,2015 Q2,2015 Q2,,Quarter,,,,,,,,,,,,,,,Category,Category,,Mergers and Acquisitions of Independent Companies,Mergers and Acquisitions of Independent Companies,,,,TIME - DELETEME,TIME - DELETEME,,Quarterly,Quarterly,,,
15.0,,,,Number,,,,,,,,,,,,,2015 Q2,2015 Q2,,Quarter,,,,,,,,,,,,,,,Category,Category,,Sales of Subsidiaries between Company Groups,Sales of Subsidiaries between Company Groups,,,,TIME - DELETEME,TIME - DELETEME,,Quarterly,Quarterly,,,
781.0,,,,Value,,,,,,,,,,,,,2015 Q2,2015 Q2,,Quarter,,,,,,,,,,,,,,,Category,Category,,Sales of Subsidiaries between Company Groups,Sales of Subsidiaries between Company Groups,,,,TIME - DELETEME,TIME - DELETEME,,Quarterly,Quarterly,,,
*********,222
