observation,data_marking,statistical_unit_eng,statistical_unit_cym,measure_type_eng,measure_type_cym,observation_type,empty,obs_type_value,unit_multiplier,unit_of_measure_eng,unit_of_measure_cym,confidentuality,empty1,geographic_area,empty2,empty3,time_dim_item_id,time_dim_item_label_eng,time_dim_item_label_cym,time_type,empty4,statistical_population_id,statistical_population_label_eng,statistical_population_label_cym,cdid,cdiddescrip,empty5,empty6,empty7,empty8,empty9,empty10,empty11,empty12,dim_id_1,dimension_label_eng_1,dimension_label_cym_1,dim_item_id_1,dimension_item_label_eng_1,dimension_item_label_cym_1,is_total_1,is_sub_total_1,dim_id_2,dimension_label_eng_2,dimension_label_cym_2,dim_item_id_2,dimension_item_label_eng_2,dimension_item_label_cym_2,is_total_2,is_sub_total_2,dim_id_3,dimension_label_eng_3,dimension_label_cym_3,dim_item_id_3,dimension_item_label_eng_3,dimension_item_label_cym_3,is_total_3,is_sub_total_3
262.0,,,,Number,,,,,,,,,,,,,2002.0,2002.0,,Year,,,,,,,,,,,,,,,Companies,Companies,,Transactions Abroad by UK Companies,Transactions Abroad by UK Companies,,,,Transaction,Transaction,,Acquisitions,Acquisitions,,,,TIMETYPE,TIMETYPE,,Annual,Annual,,,
26626.0,,,,Value,,,,,,,,,,,,,2002.0,2002.0,,Year,,,,,,,,,,,,,,,Companies,Companies,,Transactions Abroad by UK Companies,Transactions Abroad by UK Companies,,,,Transaction,Transaction,,Acquisitions,Acquisitions,,,,TIMETYPE,TIMETYPE,,Annual,Annual,,,
128.0,,,,Number,,,,,,,,,,,,,2002.0,2002.0,,Year,,,,,,,,,,,,,,,Companies,Companies,,Transactions Abroad by UK Companies,Transactions Abroad by UK Companies,,,,Transaction,Transaction,,Disposals,Disposals,,,,TIMETYPE,TIMETYPE,,Annual,Annual,,,
7074.0,,,,Value,,,,,,,,,,,,,2002.0,2002.0,,Year,,,,,,,,,,,,,,,Companies,Companies,,Transactions Abroad by UK Companies,Transactions Abroad by UK Companies,,,,Transaction,Transaction,,Disposals,Disposals,,,,TIMETYPE,TIMETYPE,,Annual,Annual,,,
117.0,,,,Number,,,,,,,,,,,,,2002.0,2002.0,,Year,,,,,,,,,,,,,,,Companies,Companies,,Transactions in the UK by Foreign Companies,Transactions in the UK by Foreign Companies,,,,Transaction,Transaction,,Acquisitions,Acquisitions,,,,TIMETYPE,TIMETYPE,,Annual,Annual,,,
16798.0,,,,Value,,,,,,,,,,,,,2002.0,2002.0,,Year,,,,,,,,,,,,,,,Companies,Companies,,Transactions in the UK by Foreign Companies,Transactions in the UK by Foreign Companies,,,,Transaction,Transaction,,Acquisitions,Acquisitions,,,,TIMETYPE,TIMETYPE,,Annual,Annual,,,
60.0,,,,Number,,,,,,,,,,,,,2002.0,2002.0,,Year,,,,,,,,,,,,,,,Companies,Companies,,Transactions in the UK by Foreign Companies,Transactions in the UK by Foreign Companies,,,,Transaction,Transaction,,Disposals,Disposals,,,,TIMETYPE,TIMETYPE,,Annual,Annual,,,
7912.0,,,,Value,,,,,,,,,,,,,2002.0,2002.0,,Year,,,,,,,,,,,,,,,Companies,Companies,,Transactions in the UK by Foreign Companies,Transactions in the UK by Foreign Companies,,,,Transaction,Transaction,,Disposals,Disposals,,,,TIMETYPE,TIMETYPE,,Annual,Annual,,,
243.0,,,,Number,,,,,,,,,,,,,2003.0,2003.0,,Year,,,,,,,,,,,,,,,Companies,Companies,,Transactions Abroad by UK Companies,Transactions Abroad by UK Companies,,,,Transaction,Transaction,,Acquisitions,Acquisitions,,,,TIMETYPE,TIMETYPE,,Annual,Annual,,,
20756.0,,,,Value,,,,,,,,,,,,,2003.0,2003.0,,Year,,,,,,,,,,,,,,,Companies,Companies,,Transactions Abroad by UK Companies,Transactions Abroad by UK Companies,,,,Transaction,Transaction,,Acquisitions,Acquisitions,,,,TIMETYPE,TIMETYPE,,Annual,Annual,,,
136.0,,,,Number,,,,,,,,,,,,,2003.0,2003.0,,Year,,,,,,,,,,,,,,,Companies,Companies,,Transactions Abroad by UK Companies,Transactions Abroad by UK Companies,,,,Transaction,Transaction,,Disposals,Disposals,,,,TIMETYPE,TIMETYPE,,Annual,Annual,,,
8643.0,,,,Value,,,,,,,,,,,,,2003.0,2003.0,,Year,,,,,,,,,,,,,,,Companies,Companies,,Transactions Abroad by UK Companies,Transactions Abroad by UK Companies,,,,Transaction,Transaction,,Disposals,Disposals,,,,TIMETYPE,TIMETYPE,,Annual,Annual,,,
129.0,,,,Number,,,,,,,,,,,,,2003.0,2003.0,,Year,,,,,,,,,,,,,,,Companies,Companies,,Transactions in the UK by Foreign Companies,Transactions in the UK by Foreign Companies,,,,Transaction,Transaction,,Acquisitions,Acquisitions,,,,TIMETYPE,TIMETYPE,,Annual,Annual,,,
9309.0,,,,Value,,,,,,,,,,,,,2003.0,2003.0,,Year,,,,,,,,,,,,,,,Companies,Companies,,Transactions in the UK by Foreign Companies,Transactions in the UK by Foreign Companies,,,,Transaction,Transaction,,Acquisitions,Acquisitions,,,,TIMETYPE,TIMETYPE,,Annual,Annual,,,
55.0,,,,Number,,,,,,,,,,,,,2003.0,2003.0,,Year,,,,,,,,,,,,,,,Companies,Companies,,Transactions in the UK by Foreign Companies,Transactions in the UK by Foreign Companies,,,,Transaction,Transaction,,Disposals,Disposals,,,,TIMETYPE,TIMETYPE,,Annual,Annual,,,
3620.0,,,,Value,,,,,,,,,,,,,2003.0,2003.0,,Year,,,,,,,,,,,,,,,Companies,Companies,,Transactions in the UK by Foreign Companies,Transactions in the UK by Foreign Companies,,,,Transaction,Transaction,,Disposals,Disposals,,,,TIMETYPE,TIMETYPE,,Annual,Annual,,,
305.0,,,,Number,,,,,,,,,,,,,2004.0,2004.0,,Year,,,,,,,,,,,,,,,Companies,Companies,,Transactions Abroad by UK Companies,Transactions Abroad by UK Companies,,,,Transaction,Transaction,,Acquisitions,Acquisitions,,,,TIMETYPE,TIMETYPE,,Annual,Annual,,,
18709.0,,,,Value,,,,,,,,,,,,,2004.0,2004.0,,Year,,,,,,,,,,,,,,,Companies,Companies,,Transactions Abroad by UK Companies,Transactions Abroad by UK Companies,,,,Transaction,Transaction,,Acquisitions,Acquisitions,,,,TIMETYPE,TIMETYPE,,Annual,Annual,,,
118.0,,,,Number,,,,,,,,,,,,,2004.0,2004.0,,Year,,,,,,,,,,,,,,,Companies,Companies,,Transactions Abroad by UK Companies,Transactions Abroad by UK Companies,,,,Transaction,Transaction,,Disposals,Disposals,,,,TIMETYPE,TIMETYPE,,Annual,Annual,,,
5485.0,,,,Value,,,,,,,,,,,,,2004.0,2004.0,,Year,,,,,,,,,,,,,,,Companies,Companies,,Transactions Abroad by UK Companies,Transactions Abroad by UK Companies,,,,Transaction,Transaction,,Disposals,Disposals,,,,TIMETYPE,TIMETYPE,,Annual,Annual,,,
178.0,,,,Number,,,,,,,,,,,,,2004.0,2004.0,,Year,,,,,,,,,,,,,,,Companies,Companies,,Transactions in the UK by Foreign Companies,Transactions in the UK by Foreign Companies,,,,Transaction,Transaction,,Acquisitions,Acquisitions,,,,TIMETYPE,TIMETYPE,,Annual,Annual,,,
29928.0,,,,Value,,,,,,,,,,,,,2004.0,2004.0,,Year,,,,,,,,,,,,,,,Companies,Companies,,Transactions in the UK by Foreign Companies,Transactions in the UK by Foreign Companies,,,,Transaction,Transaction,,Acquisitions,Acquisitions,,,,TIMETYPE,TIMETYPE,,Annual,Annual,,,
54.0,,,,Number,,,,,,,,,,,,,2004.0,2004.0,,Year,,,,,,,,,,,,,,,Companies,Companies,,Transactions in the UK by Foreign Companies,Transactions in the UK by Foreign Companies,,,,Transaction,Transaction,,Disposals,Disposals,,,,TIMETYPE,TIMETYPE,,Annual,Annual,,,
5514.0,,,,Value,,,,,,,,,,,,,2004.0,2004.0,,Year,,,,,,,,,,,,,,,Companies,Companies,,Transactions in the UK by Foreign Companies,Transactions in the UK by Foreign Companies,,,,Transaction,Transaction,,Disposals,Disposals,,,,TIMETYPE,TIMETYPE,,Annual,Annual,,,
365.0,,,,Number,,,,,,,,,,,,,2005.0,2005.0,,Year,,,,,,,,,,,,,,,Companies,Companies,,Transactions Abroad by UK Companies,Transactions Abroad by UK Companies,,,,Transaction,Transaction,,Acquisitions,Acquisitions,,,,TIMETYPE,TIMETYPE,,Annual,Annual,,,
32732.0,,,,Value,,,,,,,,,,,,,2005.0,2005.0,,Year,,,,,,,,,,,,,,,Companies,Companies,,Transactions Abroad by UK Companies,Transactions Abroad by UK Companies,,,,Transaction,Transaction,,Acquisitions,Acquisitions,,,,TIMETYPE,TIMETYPE,,Annual,Annual,,,
110.0,,,,Number,,,,,,,,,,,,,2005.0,2005.0,,Year,,,,,,,,,,,,,,,Companies,Companies,,Transactions Abroad by UK Companies,Transactions Abroad by UK Companies,,,,Transaction,Transaction,,Disposals,Disposals,,,,TIMETYPE,TIMETYPE,,Annual,Annual,,,
12668.0,,,,Value,,,,,,,,,,,,,2005.0,2005.0,,Year,,,,,,,,,,,,,,,Companies,Companies,,Transactions Abroad by UK Companies,Transactions Abroad by UK Companies,,,,Transaction,Transaction,,Disposals,Disposals,,,,TIMETYPE,TIMETYPE,,Annual,Annual,,,
242.0,,,,Number,,,,,,,,,,,,,2005.0,2005.0,,Year,,,,,,,,,,,,,,,Companies,Companies,,Transactions in the UK by Foreign Companies,Transactions in the UK by Foreign Companies,,,,Transaction,Transaction,,Acquisitions,Acquisitions,,,,TIMETYPE,TIMETYPE,,Annual,Annual,,,
50280.0,,,,Value,,,,,,,,,,,,,2005.0,2005.0,,Year,,,,,,,,,,,,,,,Companies,Companies,,Transactions in the UK by Foreign Companies,Transactions in the UK by Foreign Companies,,,,Transaction,Transaction,,Acquisitions,Acquisitions,,,,TIMETYPE,TIMETYPE,,Annual,Annual,,,
61.0,,,,Number,,,,,,,,,,,,,2005.0,2005.0,,Year,,,,,,,,,,,,,,,Companies,Companies,,Transactions in the UK by Foreign Companies,Transactions in the UK by Foreign Companies,,,,Transaction,Transaction,,Disposals,Disposals,,,,TIMETYPE,TIMETYPE,,Annual,Annual,,,
8387.0,,,,Value,,,,,,,,,,,,,2005.0,2005.0,,Year,,,,,,,,,,,,,,,Companies,Companies,,Transactions in the UK by Foreign Companies,Transactions in the UK by Foreign Companies,,,,Transaction,Transaction,,Disposals,Disposals,,,,TIMETYPE,TIMETYPE,,Annual,Annual,,,
405.0,,,,Number,,,,,,,,,,,,,2006.0,2006.0,,Year,,,,,,,,,,,,,,,Companies,Companies,,Transactions Abroad by UK Companies,Transactions Abroad by UK Companies,,,,Transaction,Transaction,,Acquisitions,Acquisitions,,,,TIMETYPE,TIMETYPE,,Annual,Annual,,,
37412.0,,,,Value,,,,,,,,,,,,,2006.0,2006.0,,Year,,,,,,,,,,,,,,,Companies,Companies,,Transactions Abroad by UK Companies,Transactions Abroad by UK Companies,,,,Transaction,Transaction,,Acquisitions,Acquisitions,,,,TIMETYPE,TIMETYPE,,Annual,Annual,,,
89.0,,,,Number,,,,,,,,,,,,,2006.0,2006.0,,Year,,,,,,,,,,,,,,,Companies,Companies,,Transactions Abroad by UK Companies,Transactions Abroad by UK Companies,,,,Transaction,Transaction,,Disposals,Disposals,,,,TIMETYPE,TIMETYPE,,Annual,Annual,,,
21214.0,,,,Value,,,,,,,,,,,,,2006.0,2006.0,,Year,,,,,,,,,,,,,,,Companies,Companies,,Transactions Abroad by UK Companies,Transactions Abroad by UK Companies,,,,Transaction,Transaction,,Disposals,Disposals,,,,TIMETYPE,TIMETYPE,,Annual,Annual,,,
259.0,,,,Number,,,,,,,,,,,,,2006.0,2006.0,,Year,,,,,,,,,,,,,,,Companies,Companies,,Transactions in the UK by Foreign Companies,Transactions in the UK by Foreign Companies,,,,Transaction,Transaction,,Acquisitions,Acquisitions,,,,TIMETYPE,TIMETYPE,,Annual,Annual,,,
77750.0,,,,Value,,,,,,,,,,,,,2006.0,2006.0,,Year,,,,,,,,,,,,,,,Companies,Companies,,Transactions in the UK by Foreign Companies,Transactions in the UK by Foreign Companies,,,,Transaction,Transaction,,Acquisitions,Acquisitions,,,,TIMETYPE,TIMETYPE,,Annual,Annual,,,
55.0,,,,Number,,,,,,,,,,,,,2006.0,2006.0,,Year,,,,,,,,,,,,,,,Companies,Companies,,Transactions in the UK by Foreign Companies,Transactions in the UK by Foreign Companies,,,,Transaction,Transaction,,Disposals,Disposals,,,,TIMETYPE,TIMETYPE,,Annual,Annual,,,
14208.0,,,,Value,,,,,,,,,,,,,2006.0,2006.0,,Year,,,,,,,,,,,,,,,Companies,Companies,,Transactions in the UK by Foreign Companies,Transactions in the UK by Foreign Companies,,,,Transaction,Transaction,,Disposals,Disposals,,,,TIMETYPE,TIMETYPE,,Annual,Annual,,,
441.0,,,,Number,,,,,,,,,,,,,2007.0,2007.0,,Year,,,,,,,,,,,,,,,Companies,Companies,,Transactions Abroad by UK Companies,Transactions Abroad by UK Companies,,,,Transaction,Transaction,,Acquisitions,Acquisitions,,,,TIMETYPE,TIMETYPE,,Annual,Annual,,,
57814.0,,,,Value,,,,,,,,,,,,,2007.0,2007.0,,Year,,,,,,,,,,,,,,,Companies,Companies,,Transactions Abroad by UK Companies,Transactions Abroad by UK Companies,,,,Transaction,Transaction,,Acquisitions,Acquisitions,,,,TIMETYPE,TIMETYPE,,Annual,Annual,,,
104.0,,,,Number,,,,,,,,,,,,,2007.0,2007.0,,Year,,,,,,,,,,,,,,,Companies,Companies,,Transactions Abroad by UK Companies,Transactions Abroad by UK Companies,,,,Transaction,Transaction,,Disposals,Disposals,,,,TIMETYPE,TIMETYPE,,Annual,Annual,,,
10221.0,,,,Value,,,,,,,,,,,,,2007.0,2007.0,,Year,,,,,,,,,,,,,,,Companies,Companies,,Transactions Abroad by UK Companies,Transactions Abroad by UK Companies,,,,Transaction,Transaction,,Disposals,Disposals,,,,TIMETYPE,TIMETYPE,,Annual,Annual,,,
269.0,,,,Number,,,,,,,,,,,,,2007.0,2007.0,,Year,,,,,,,,,,,,,,,Companies,Companies,,Transactions in the UK by Foreign Companies,Transactions in the UK by Foreign Companies,,,,Transaction,Transaction,,Acquisitions,Acquisitions,,,,TIMETYPE,TIMETYPE,,Annual,Annual,,,
82121.0,,,,Value,,,,,,,,,,,,,2007.0,2007.0,,Year,,,,,,,,,,,,,,,Companies,Companies,,Transactions in the UK by Foreign Companies,Transactions in the UK by Foreign Companies,,,,Transaction,Transaction,,Acquisitions,Acquisitions,,,,TIMETYPE,TIMETYPE,,Annual,Annual,,,
66.0,,,,Number,,,,,,,,,,,,,2007.0,2007.0,,Year,,,,,,,,,,,,,,,Companies,Companies,,Transactions in the UK by Foreign Companies,Transactions in the UK by Foreign Companies,,,,Transaction,Transaction,,Disposals,Disposals,,,,TIMETYPE,TIMETYPE,,Annual,Annual,,,
7524.0,,,,Value,,,,,,,,,,,,,2007.0,2007.0,,Year,,,,,,,,,,,,,,,Companies,Companies,,Transactions in the UK by Foreign Companies,Transactions in the UK by Foreign Companies,,,,Transaction,Transaction,,Disposals,Disposals,,,,TIMETYPE,TIMETYPE,,Annual,Annual,,,
298.0,,,,Number,,,,,,,,,,,,,2008.0,2008.0,,Year,,,,,,,,,,,,,,,Companies,Companies,,Transactions Abroad by UK Companies,Transactions Abroad by UK Companies,,,,Transaction,Transaction,,Acquisitions,Acquisitions,,,,TIMETYPE,TIMETYPE,,Annual,Annual,,,
29670.0,,,,Value,,,,,,,,,,,,,2008.0,2008.0,,Year,,,,,,,,,,,,,,,Companies,Companies,,Transactions Abroad by UK Companies,Transactions Abroad by UK Companies,,,,Transaction,Transaction,,Acquisitions,Acquisitions,,,,TIMETYPE,TIMETYPE,,Annual,Annual,,,
71.0,,,,Number,,,,,,,,,,,,,2008.0,2008.0,,Year,,,,,,,,,,,,,,,Companies,Companies,,Transactions Abroad by UK Companies,Transactions Abroad by UK Companies,,,,Transaction,Transaction,,Disposals,Disposals,,,,TIMETYPE,TIMETYPE,,Annual,Annual,,,
12062.0,,,,Value,,,,,,,,,,,,,2008.0,2008.0,,Year,,,,,,,,,,,,,,,Companies,Companies,,Transactions Abroad by UK Companies,Transactions Abroad by UK Companies,,,,Transaction,Transaction,,Disposals,Disposals,,,,TIMETYPE,TIMETYPE,,Annual,Annual,,,
252.0,,,,Number,,,,,,,,,,,,,2008.0,2008.0,,Year,,,,,,,,,,,,,,,Companies,Companies,,Transactions in the UK by Foreign Companies,Transactions in the UK by Foreign Companies,,,,Transaction,Transaction,,Acquisitions,Acquisitions,,,,TIMETYPE,TIMETYPE,,Annual,Annual,,,
52552.0,,,,Value,,,,,,,,,,,,,2008.0,2008.0,,Year,,,,,,,,,,,,,,,Companies,Companies,,Transactions in the UK by Foreign Companies,Transactions in the UK by Foreign Companies,,,,Transaction,Transaction,,Acquisitions,Acquisitions,,,,TIMETYPE,TIMETYPE,,Annual,Annual,,,
49.0,,,,Number,,,,,,,,,,,,,2008.0,2008.0,,Year,,,,,,,,,,,,,,,Companies,Companies,,Transactions in the UK by Foreign Companies,Transactions in the UK by Foreign Companies,,,,Transaction,Transaction,,Disposals,Disposals,,,,TIMETYPE,TIMETYPE,,Annual,Annual,,,
5139.0,,,,Value,,,,,,,,,,,,,2008.0,2008.0,,Year,,,,,,,,,,,,,,,Companies,Companies,,Transactions in the UK by Foreign Companies,Transactions in the UK by Foreign Companies,,,,Transaction,Transaction,,Disposals,Disposals,,,,TIMETYPE,TIMETYPE,,Annual,Annual,,,
118.0,,,,Number,,,,,,,,,,,,,2009.0,2009.0,,Year,,,,,,,,,,,,,,,Companies,Companies,,Transactions Abroad by UK Companies,Transactions Abroad by UK Companies,,,,Transaction,Transaction,,Acquisitions,Acquisitions,,,,TIMETYPE,TIMETYPE,,Annual,Annual,,,
10148.0,,,,Value,,,,,,,,,,,,,2009.0,2009.0,,Year,,,,,,,,,,,,,,,Companies,Companies,,Transactions Abroad by UK Companies,Transactions Abroad by UK Companies,,,,Transaction,Transaction,,Acquisitions,Acquisitions,,,,TIMETYPE,TIMETYPE,,Annual,Annual,,,
37.0,,,,Number,,,,,,,,,,,,,2009.0,2009.0,,Year,,,,,,,,,,,,,,,Companies,Companies,,Transactions Abroad by UK Companies,Transactions Abroad by UK Companies,,,,Transaction,Transaction,,Disposals,Disposals,,,,TIMETYPE,TIMETYPE,,Annual,Annual,,,
5101.0,,,,Value,,,,,,,,,,,,,2009.0,2009.0,,Year,,,,,,,,,,,,,,,Companies,Companies,,Transactions Abroad by UK Companies,Transactions Abroad by UK Companies,,,,Transaction,Transaction,,Disposals,Disposals,,,,TIMETYPE,TIMETYPE,,Annual,Annual,,,
112.0,,,,Number,,,,,,,,,,,,,2009.0,2009.0,,Year,,,,,,,,,,,,,,,Companies,Companies,,Transactions in the UK by Foreign Companies,Transactions in the UK by Foreign Companies,,,,Transaction,Transaction,,Acquisitions,Acquisitions,,,,TIMETYPE,TIMETYPE,,Annual,Annual,,,
31984.0,,,,Value,,,,,,,,,,,,,2009.0,2009.0,,Year,,,,,,,,,,,,,,,Companies,Companies,,Transactions in the UK by Foreign Companies,Transactions in the UK by Foreign Companies,,,,Transaction,Transaction,,Acquisitions,Acquisitions,,,,TIMETYPE,TIMETYPE,,Annual,Annual,,,
38.0,,,,Number,,,,,,,,,,,,,2009.0,2009.0,,Year,,,,,,,,,,,,,,,Companies,Companies,,Transactions in the UK by Foreign Companies,Transactions in the UK by Foreign Companies,,,,Transaction,Transaction,,Disposals,Disposals,,,,TIMETYPE,TIMETYPE,,Annual,Annual,,,
7820.0,,,,Value,,,,,,,,,,,,,2009.0,2009.0,,Year,,,,,,,,,,,,,,,Companies,Companies,,Transactions in the UK by Foreign Companies,Transactions in the UK by Foreign Companies,,,,Transaction,Transaction,,Disposals,Disposals,,,,TIMETYPE,TIMETYPE,,Annual,Annual,,,
199.0,,,,Number,,,,,,,,,,,,,2010²,2010²,,,,,,,,,,,,,,,,,Companies,Companies,,Transactions Abroad by UK Companies,Transactions Abroad by UK Companies,,,,Transaction,Transaction,,Acquisitions,Acquisitions,,,,TIMETYPE,TIMETYPE,,Annual,Annual,,,
12414.0,,,,Value,,,,,,,,,,,,,2010²,2010²,,,,,,,,,,,,,,,,,Companies,Companies,,Transactions Abroad by UK Companies,Transactions Abroad by UK Companies,,,,Transaction,Transaction,,Acquisitions,Acquisitions,,,,TIMETYPE,TIMETYPE,,Annual,Annual,,,
73.0,,,,Number,,,,,,,,,,,,,2010²,2010²,,,,,,,,,,,,,,,,,Companies,Companies,,Transactions Abroad by UK Companies,Transactions Abroad by UK Companies,,,,Transaction,Transaction,,Disposals,Disposals,,,,TIMETYPE,TIMETYPE,,Annual,Annual,,,
11411.0,,,,Value,,,,,,,,,,,,,2010²,2010²,,,,,,,,,,,,,,,,,Companies,Companies,,Transactions Abroad by UK Companies,Transactions Abroad by UK Companies,,,,Transaction,Transaction,,Disposals,Disposals,,,,TIMETYPE,TIMETYPE,,Annual,Annual,,,
212.0,,,,Number,,,,,,,,,,,,,2010²,2010²,,,,,,,,,,,,,,,,,Companies,Companies,,Transactions in the UK by Foreign Companies,Transactions in the UK by Foreign Companies,,,,Transaction,Transaction,,Acquisitions,Acquisitions,,,,TIMETYPE,TIMETYPE,,Annual,Annual,,,
36643.0,,,,Value,,,,,,,,,,,,,2010²,2010²,,,,,,,,,,,,,,,,,Companies,Companies,,Transactions in the UK by Foreign Companies,Transactions in the UK by Foreign Companies,,,,Transaction,Transaction,,Acquisitions,Acquisitions,,,,TIMETYPE,TIMETYPE,,Annual,Annual,,,
58.0,,,,Number,,,,,,,,,,,,,2010²,2010²,,,,,,,,,,,,,,,,,Companies,Companies,,Transactions in the UK by Foreign Companies,Transactions in the UK by Foreign Companies,,,,Transaction,Transaction,,Disposals,Disposals,,,,TIMETYPE,TIMETYPE,,Annual,Annual,,,
9891.0,,,,Value,,,,,,,,,,,,,2010²,2010²,,,,,,,,,,,,,,,,,Companies,Companies,,Transactions in the UK by Foreign Companies,Transactions in the UK by Foreign Companies,,,,Transaction,Transaction,,Disposals,Disposals,,,,TIMETYPE,TIMETYPE,,Annual,Annual,,,
286.0,,,,Number,,,,,,,,,,,,,2011.0,2011.0,,Year,,,,,,,,,,,,,,,Companies,Companies,,Transactions Abroad by UK Companies,Transactions Abroad by UK Companies,,,,Transaction,Transaction,,Acquisitions,Acquisitions,,,,TIMETYPE,TIMETYPE,,Annual,Annual,,,
50234.0,,,,Value,,,,,,,,,,,,,2011.0,2011.0,,Year,,,,,,,,,,,,,,,Companies,Companies,,Transactions Abroad by UK Companies,Transactions Abroad by UK Companies,,,,Transaction,Transaction,,Acquisitions,Acquisitions,,,,TIMETYPE,TIMETYPE,,Annual,Annual,,,
80.0,,,,Number,,,,,,,,,,,,,2011.0,2011.0,,Year,,,,,,,,,,,,,,,Companies,Companies,,Transactions Abroad by UK Companies,Transactions Abroad by UK Companies,,,,Transaction,Transaction,,Disposals,Disposals,,,,TIMETYPE,TIMETYPE,,Annual,Annual,,,
14111.0,,,,Value,,,,,,,,,,,,,2011.0,2011.0,,Year,,,,,,,,,,,,,,,Companies,Companies,,Transactions Abroad by UK Companies,Transactions Abroad by UK Companies,,,,Transaction,Transaction,,Disposals,Disposals,,,,TIMETYPE,TIMETYPE,,Annual,Annual,,,
237.0,,,,Number,,,,,,,,,,,,,2011.0,2011.0,,Year,,,,,,,,,,,,,,,Companies,Companies,,Transactions in the UK by Foreign Companies,Transactions in the UK by Foreign Companies,,,,Transaction,Transaction,,Acquisitions,Acquisitions,,,,TIMETYPE,TIMETYPE,,Annual,Annual,,,
32967.0,,,,Value,,,,,,,,,,,,,2011.0,2011.0,,Year,,,,,,,,,,,,,,,Companies,Companies,,Transactions in the UK by Foreign Companies,Transactions in the UK by Foreign Companies,,,,Transaction,Transaction,,Acquisitions,Acquisitions,,,,TIMETYPE,TIMETYPE,,Annual,Annual,,,
69.0,,,,Number,,,,,,,,,,,,,2011.0,2011.0,,Year,,,,,,,,,,,,,,,Companies,Companies,,Transactions in the UK by Foreign Companies,Transactions in the UK by Foreign Companies,,,,Transaction,Transaction,,Disposals,Disposals,,,,TIMETYPE,TIMETYPE,,Annual,Annual,,,
11748.0,,,,Value,,,,,,,,,,,,,2011.0,2011.0,,Year,,,,,,,,,,,,,,,Companies,Companies,,Transactions in the UK by Foreign Companies,Transactions in the UK by Foreign Companies,,,,Transaction,Transaction,,Disposals,Disposals,,,,TIMETYPE,TIMETYPE,,Annual,Annual,,,
122.0,,,,Number,,,,,,,,,,,,,2012.0,2012.0,,Year,,,,,,,,,,,,,,,Companies,Companies,,Transactions Abroad by UK Companies,Transactions Abroad by UK Companies,,,,Transaction,Transaction,,Acquisitions,Acquisitions,,,,TIMETYPE,TIMETYPE,,Annual,Annual,,,
17933.0,,,,Value,,,,,,,,,,,,,2012.0,2012.0,,Year,,,,,,,,,,,,,,,Companies,Companies,,Transactions Abroad by UK Companies,Transactions Abroad by UK Companies,,,,Transaction,Transaction,,Acquisitions,Acquisitions,,,,TIMETYPE,TIMETYPE,,Annual,Annual,,,
40.0,,,,Number,,,,,,,,,,,,,2012.0,2012.0,,Year,,,,,,,,,,,,,,,Companies,Companies,,Transactions Abroad by UK Companies,Transactions Abroad by UK Companies,,,,Transaction,Transaction,,Disposals,Disposals,,,,TIMETYPE,TIMETYPE,,Annual,Annual,,,
,..,,,Value,,,,,,,,,,,,,2012.0,2012.0,,Year,,,,,,,,,,,,,,,Companies,Companies,,Transactions Abroad by UK Companies,Transactions Abroad by UK Companies,,,,Transaction,Transaction,,Disposals,Disposals,,,,TIMETYPE,TIMETYPE,,Annual,Annual,,,
161.0,,,,Number,,,,,,,,,,,,,2012.0,2012.0,,Year,,,,,,,,,,,,,,,Companies,Companies,,Transactions in the UK by Foreign Companies,Transactions in the UK by Foreign Companies,,,,Transaction,Transaction,,Acquisitions,Acquisitions,,,,TIMETYPE,TIMETYPE,,Annual,Annual,,,
17414.0,,,,Value,,,,,,,,,,,,,2012.0,2012.0,,Year,,,,,,,,,,,,,,,Companies,Companies,,Transactions in the UK by Foreign Companies,Transactions in the UK by Foreign Companies,,,,Transaction,Transaction,,Acquisitions,Acquisitions,,,,TIMETYPE,TIMETYPE,,Annual,Annual,,,
27.0,,,,Number,,,,,,,,,,,,,2012.0,2012.0,,Year,,,,,,,,,,,,,,,Companies,Companies,,Transactions in the UK by Foreign Companies,Transactions in the UK by Foreign Companies,,,,Transaction,Transaction,,Disposals,Disposals,,,,TIMETYPE,TIMETYPE,,Annual,Annual,,,
,..,,,Value,,,,,,,,,,,,,2012.0,2012.0,,Year,,,,,,,,,,,,,,,Companies,Companies,,Transactions in the UK by Foreign Companies,Transactions in the UK by Foreign Companies,,,,Transaction,Transaction,,Disposals,Disposals,,,,TIMETYPE,TIMETYPE,,Annual,Annual,,,
58.0,,,,Number,,,,,,,,,,,,,2013.0,2013.0,,Year,,,,,,,,,,,,,,,Companies,Companies,,Transactions Abroad by UK Companies,Transactions Abroad by UK Companies,,,,Transaction,Transaction,,Acquisitions,Acquisitions,,,,TIMETYPE,TIMETYPE,,Annual,Annual,,,
,..,,,Value,,,,,,,,,,,,,2013.0,2013.0,,Year,,,,,,,,,,,,,,,Companies,Companies,,Transactions Abroad by UK Companies,Transactions Abroad by UK Companies,,,,Transaction,Transaction,,Acquisitions,Acquisitions,,,,TIMETYPE,TIMETYPE,,Annual,Annual,,,
,..,,,Number,,,,,,,,,,,,,2013.0,2013.0,,Year,,,,,,,,,,,,,,,Companies,Companies,,Transactions Abroad by UK Companies,Transactions Abroad by UK Companies,,,,Transaction,Transaction,,Disposals,Disposals,,,,TIMETYPE,TIMETYPE,,Annual,Annual,,,
,..,,,Value,,,,,,,,,,,,,2013.0,2013.0,,Year,,,,,,,,,,,,,,,Companies,Companies,,Transactions Abroad by UK Companies,Transactions Abroad by UK Companies,,,,Transaction,Transaction,,Disposals,Disposals,,,,TIMETYPE,TIMETYPE,,Annual,Annual,,,
141.0,,,,Number,,,,,,,,,,,,,2013.0,2013.0,,Year,,,,,,,,,,,,,,,Companies,Companies,,Transactions in the UK by Foreign Companies,Transactions in the UK by Foreign Companies,,,,Transaction,Transaction,,Acquisitions,Acquisitions,,,,TIMETYPE,TIMETYPE,,Annual,Annual,,,
31839.0,,,,Value,,,,,,,,,,,,,2013.0,2013.0,,Year,,,,,,,,,,,,,,,Companies,Companies,,Transactions in the UK by Foreign Companies,Transactions in the UK by Foreign Companies,,,,Transaction,Transaction,,Acquisitions,Acquisitions,,,,TIMETYPE,TIMETYPE,,Annual,Annual,,,
26.0,,,,Number,,,,,,,,,,,,,2013.0,2013.0,,Year,,,,,,,,,,,,,,,Companies,Companies,,Transactions in the UK by Foreign Companies,Transactions in the UK by Foreign Companies,,,,Transaction,Transaction,,Disposals,Disposals,,,,TIMETYPE,TIMETYPE,,Annual,Annual,,,
1913.0,,,,Value,,,,,,,,,,,,,2013.0,2013.0,,Year,,,,,,,,,,,,,,,Companies,Companies,,Transactions in the UK by Foreign Companies,Transactions in the UK by Foreign Companies,,,,Transaction,Transaction,,Disposals,Disposals,,,,TIMETYPE,TIMETYPE,,Annual,Annual,,,
113.0,,,,Number,,,,,,,,,,,,,2014.0,2014.0,,Year,,,,,,,,,,,,,,,Companies,Companies,,Transactions Abroad by UK Companies,Transactions Abroad by UK Companies,,,,Transaction,Transaction,,Acquisitions,Acquisitions,,,,TIMETYPE,TIMETYPE,,Annual,Annual,,,
20647.0,,,,Value,,,,,,,,,,,,,2014.0,2014.0,,Year,,,,,,,,,,,,,,,Companies,Companies,,Transactions Abroad by UK Companies,Transactions Abroad by UK Companies,,,,Transaction,Transaction,,Acquisitions,Acquisitions,,,,TIMETYPE,TIMETYPE,,Annual,Annual,,,
36.0,,,,Number,,,,,,,,,,,,,2014.0,2014.0,,Year,,,,,,,,,,,,,,,Companies,Companies,,Transactions Abroad by UK Companies,Transactions Abroad by UK Companies,,,,Transaction,Transaction,,Disposals,Disposals,,,,TIMETYPE,TIMETYPE,,Annual,Annual,,,
5288.0,,,,Value,,,,,,,,,,,,,2014.0,2014.0,,Year,,,,,,,,,,,,,,,Companies,Companies,,Transactions Abroad by UK Companies,Transactions Abroad by UK Companies,,,,Transaction,Transaction,,Disposals,Disposals,,,,TIMETYPE,TIMETYPE,,Annual,Annual,,,
110.0,,,,Number,,,,,,,,,,,,,2014.0,2014.0,,Year,,,,,,,,,,,,,,,Companies,Companies,,Transactions in the UK by Foreign Companies,Transactions in the UK by Foreign Companies,,,,Transaction,Transaction,,Acquisitions,Acquisitions,,,,TIMETYPE,TIMETYPE,,Annual,Annual,,,
15041.0,,,,Value,,,,,,,,,,,,,2014.0,2014.0,,Year,,,,,,,,,,,,,,,Companies,Companies,,Transactions in the UK by Foreign Companies,Transactions in the UK by Foreign Companies,,,,Transaction,Transaction,,Acquisitions,Acquisitions,,,,TIMETYPE,TIMETYPE,,Annual,Annual,,,
23.0,,,,Number,,,,,,,,,,,,,2014.0,2014.0,,Year,,,,,,,,,,,,,,,Companies,Companies,,Transactions in the UK by Foreign Companies,Transactions in the UK by Foreign Companies,,,,Transaction,Transaction,,Disposals,Disposals,,,,TIMETYPE,TIMETYPE,,Annual,Annual,,,
2794.0,,,,Value,,,,,,,,,,,,,2014.0,2014.0,,Year,,,,,,,,,,,,,,,Companies,Companies,,Transactions in the UK by Foreign Companies,Transactions in the UK by Foreign Companies,,,,Transaction,Transaction,,Disposals,Disposals,,,,TIMETYPE,TIMETYPE,,Annual,Annual,,,
32.0,,,,Number,,,,,,,,,,,,,2009 Q2 ,2009 Q2 ,,Quarter,,,,,,,,,,,,,,,Companies,Companies,,Transactions Abroad by UK Companies,Transactions Abroad by UK Companies,,,,Transaction,Transaction,,Acquisitions,Acquisitions,,,,TIMETYPE,TIMETYPE,,Quarterly,Quarterly,,,
2811.0,,,,Value,,,,,,,,,,,,,2009 Q2 ,2009 Q2 ,,Quarter,,,,,,,,,,,,,,,Companies,Companies,,Transactions Abroad by UK Companies,Transactions Abroad by UK Companies,,,,Transaction,Transaction,,Acquisitions,Acquisitions,,,,TIMETYPE,TIMETYPE,,Quarterly,Quarterly,,,
7.0,,,,Number,,,,,,,,,,,,,2009 Q2 ,2009 Q2 ,,Quarter,,,,,,,,,,,,,,,Companies,Companies,,Transactions Abroad by UK Companies,Transactions Abroad by UK Companies,,,,Transaction,Transaction,,Disposals,Disposals,,,,TIMETYPE,TIMETYPE,,Quarterly,Quarterly,,,
726.0,,,,Value,,,,,,,,,,,,,2009 Q2 ,2009 Q2 ,,Quarter,,,,,,,,,,,,,,,Companies,Companies,,Transactions Abroad by UK Companies,Transactions Abroad by UK Companies,,,,Transaction,Transaction,,Disposals,Disposals,,,,TIMETYPE,TIMETYPE,,Quarterly,Quarterly,,,
22.0,,,,Number,,,,,,,,,,,,,2009 Q2 ,2009 Q2 ,,Quarter,,,,,,,,,,,,,,,Companies,Companies,,Transactions in the UK by Foreign Companies,Transactions in the UK by Foreign Companies,,,,Transaction,Transaction,,Acquisitions,Acquisitions,,,,TIMETYPE,TIMETYPE,,Quarterly,Quarterly,,,
645.0,,,,Value,,,,,,,,,,,,,2009 Q2 ,2009 Q2 ,,Quarter,,,,,,,,,,,,,,,Companies,Companies,,Transactions in the UK by Foreign Companies,Transactions in the UK by Foreign Companies,,,,Transaction,Transaction,,Acquisitions,Acquisitions,,,,TIMETYPE,TIMETYPE,,Quarterly,Quarterly,,,
11.0,,,,Number,,,,,,,,,,,,,2009 Q2 ,2009 Q2 ,,Quarter,,,,,,,,,,,,,,,Companies,Companies,,Transactions in the UK by Foreign Companies,Transactions in the UK by Foreign Companies,,,,Transaction,Transaction,,Disposals,Disposals,,,,TIMETYPE,TIMETYPE,,Quarterly,Quarterly,,,
236.0,,,,Value,,,,,,,,,,,,,2009 Q2 ,2009 Q2 ,,Quarter,,,,,,,,,,,,,,,Companies,Companies,,Transactions in the UK by Foreign Companies,Transactions in the UK by Foreign Companies,,,,Transaction,Transaction,,Disposals,Disposals,,,,TIMETYPE,TIMETYPE,,Quarterly,Quarterly,,,
28.0,,,,Number,,,,,,,,,,,,,2009 Q3 ,2009 Q3 ,,Quarter,,,,,,,,,,,,,,,Companies,Companies,,Transactions Abroad by UK Companies,Transactions Abroad by UK Companies,,,,Transaction,Transaction,,Acquisitions,Acquisitions,,,,TIMETYPE,TIMETYPE,,Quarterly,Quarterly,,,
2574.0,,,,Value,,,,,,,,,,,,,2009 Q3 ,2009 Q3 ,,Quarter,,,,,,,,,,,,,,,Companies,Companies,,Transactions Abroad by UK Companies,Transactions Abroad by UK Companies,,,,Transaction,Transaction,,Acquisitions,Acquisitions,,,,TIMETYPE,TIMETYPE,,Quarterly,Quarterly,,,
7.0,,,,Number,,,,,,,,,,,,,2009 Q3 ,2009 Q3 ,,Quarter,,,,,,,,,,,,,,,Companies,Companies,,Transactions Abroad by UK Companies,Transactions Abroad by UK Companies,,,,Transaction,Transaction,,Disposals,Disposals,,,,TIMETYPE,TIMETYPE,,Quarterly,Quarterly,,,
,..,,,Value,,,,,,,,,,,,,2009 Q3 ,2009 Q3 ,,Quarter,,,,,,,,,,,,,,,Companies,Companies,,Transactions Abroad by UK Companies,Transactions Abroad by UK Companies,,,,Transaction,Transaction,,Disposals,Disposals,,,,TIMETYPE,TIMETYPE,,Quarterly,Quarterly,,,
28.0,,,,Number,,,,,,,,,,,,,2009 Q3 ,2009 Q3 ,,Quarter,,,,,,,,,,,,,,,Companies,Companies,,Transactions in the UK by Foreign Companies,Transactions in the UK by Foreign Companies,,,,Transaction,Transaction,,Acquisitions,Acquisitions,,,,TIMETYPE,TIMETYPE,,Quarterly,Quarterly,,,
3934.0,,,,Value,,,,,,,,,,,,,2009 Q3 ,2009 Q3 ,,Quarter,,,,,,,,,,,,,,,Companies,Companies,,Transactions in the UK by Foreign Companies,Transactions in the UK by Foreign Companies,,,,Transaction,Transaction,,Acquisitions,Acquisitions,,,,TIMETYPE,TIMETYPE,,Quarterly,Quarterly,,,
8.0,,,,Number,,,,,,,,,,,,,2009 Q3 ,2009 Q3 ,,Quarter,,,,,,,,,,,,,,,Companies,Companies,,Transactions in the UK by Foreign Companies,Transactions in the UK by Foreign Companies,,,,Transaction,Transaction,,Disposals,Disposals,,,,TIMETYPE,TIMETYPE,,Quarterly,Quarterly,,,
2715.0,,,,Value,,,,,,,,,,,,,2009 Q3 ,2009 Q3 ,,Quarter,,,,,,,,,,,,,,,Companies,Companies,,Transactions in the UK by Foreign Companies,Transactions in the UK by Foreign Companies,,,,Transaction,Transaction,,Disposals,Disposals,,,,TIMETYPE,TIMETYPE,,Quarterly,Quarterly,,,
41.0,,,,Number,,,,,,,,,,,,,2009 Q4 ,2009 Q4 ,,Quarter,,,,,,,,,,,,,,,Companies,Companies,,Transactions Abroad by UK Companies,Transactions Abroad by UK Companies,,,,Transaction,Transaction,,Acquisitions,Acquisitions,,,,TIMETYPE,TIMETYPE,,Quarterly,Quarterly,,,
1019.0,,,,Value,,,,,,,,,,,,,2009 Q4 ,2009 Q4 ,,Quarter,,,,,,,,,,,,,,,Companies,Companies,,Transactions Abroad by UK Companies,Transactions Abroad by UK Companies,,,,Transaction,Transaction,,Acquisitions,Acquisitions,,,,TIMETYPE,TIMETYPE,,Quarterly,Quarterly,,,
10.0,,,,Number,,,,,,,,,,,,,2009 Q4 ,2009 Q4 ,,Quarter,,,,,,,,,,,,,,,Companies,Companies,,Transactions Abroad by UK Companies,Transactions Abroad by UK Companies,,,,Transaction,Transaction,,Disposals,Disposals,,,,TIMETYPE,TIMETYPE,,Quarterly,Quarterly,,,
,..,,,Value,,,,,,,,,,,,,2009 Q4 ,2009 Q4 ,,Quarter,,,,,,,,,,,,,,,Companies,Companies,,Transactions Abroad by UK Companies,Transactions Abroad by UK Companies,,,,Transaction,Transaction,,Disposals,Disposals,,,,TIMETYPE,TIMETYPE,,Quarterly,Quarterly,,,
34.0,,,,Number,,,,,,,,,,,,,2009 Q4 ,2009 Q4 ,,Quarter,,,,,,,,,,,,,,,Companies,Companies,,Transactions in the UK by Foreign Companies,Transactions in the UK by Foreign Companies,,,,Transaction,Transaction,,Acquisitions,Acquisitions,,,,TIMETYPE,TIMETYPE,,Quarterly,Quarterly,,,
15051.0,,,,Value,,,,,,,,,,,,,2009 Q4 ,2009 Q4 ,,Quarter,,,,,,,,,,,,,,,Companies,Companies,,Transactions in the UK by Foreign Companies,Transactions in the UK by Foreign Companies,,,,Transaction,Transaction,,Acquisitions,Acquisitions,,,,TIMETYPE,TIMETYPE,,Quarterly,Quarterly,,,
13.0,,,,Number,,,,,,,,,,,,,2009 Q4 ,2009 Q4 ,,Quarter,,,,,,,,,,,,,,,Companies,Companies,,Transactions in the UK by Foreign Companies,Transactions in the UK by Foreign Companies,,,,Transaction,Transaction,,Disposals,Disposals,,,,TIMETYPE,TIMETYPE,,Quarterly,Quarterly,,,
2712.0,,,,Value,,,,,,,,,,,,,2009 Q4 ,2009 Q4 ,,Quarter,,,,,,,,,,,,,,,Companies,Companies,,Transactions in the UK by Foreign Companies,Transactions in the UK by Foreign Companies,,,,Transaction,Transaction,,Disposals,Disposals,,,,TIMETYPE,TIMETYPE,,Quarterly,Quarterly,,,
30.0,,,,Number,,,,,,,,,,,,,2010 Q1² ,2010 Q1² ,,,,,,,,,,,,,,,,,Companies,Companies,,Transactions Abroad by UK Companies,Transactions Abroad by UK Companies,,,,Transaction,Transaction,,Acquisitions,Acquisitions,,,,TIMETYPE,TIMETYPE,,Quarterly,Quarterly,,,
1027.0,,,,Value,,,,,,,,,,,,,2010 Q1² ,2010 Q1² ,,,,,,,,,,,,,,,,,Companies,Companies,,Transactions Abroad by UK Companies,Transactions Abroad by UK Companies,,,,Transaction,Transaction,,Acquisitions,Acquisitions,,,,TIMETYPE,TIMETYPE,,Quarterly,Quarterly,,,
13.0,,,,Number,,,,,,,,,,,,,2010 Q1² ,2010 Q1² ,,,,,,,,,,,,,,,,,Companies,Companies,,Transactions Abroad by UK Companies,Transactions Abroad by UK Companies,,,,Transaction,Transaction,,Disposals,Disposals,,,,TIMETYPE,TIMETYPE,,Quarterly,Quarterly,,,
2790.0,,,,Value,,,,,,,,,,,,,2010 Q1² ,2010 Q1² ,,,,,,,,,,,,,,,,,Companies,Companies,,Transactions Abroad by UK Companies,Transactions Abroad by UK Companies,,,,Transaction,Transaction,,Disposals,Disposals,,,,TIMETYPE,TIMETYPE,,Quarterly,Quarterly,,,
54.0,,,,Number,,,,,,,,,,,,,2010 Q1² ,2010 Q1² ,,,,,,,,,,,,,,,,,Companies,Companies,,Transactions in the UK by Foreign Companies,Transactions in the UK by Foreign Companies,,,,Transaction,Transaction,,Acquisitions,Acquisitions,,,,TIMETYPE,TIMETYPE,,Quarterly,Quarterly,,,
14371.0,,,,Value,,,,,,,,,,,,,2010 Q1² ,2010 Q1² ,,,,,,,,,,,,,,,,,Companies,Companies,,Transactions in the UK by Foreign Companies,Transactions in the UK by Foreign Companies,,,,Transaction,Transaction,,Acquisitions,Acquisitions,,,,TIMETYPE,TIMETYPE,,Quarterly,Quarterly,,,
8.0,,,,Number,,,,,,,,,,,,,2010 Q1² ,2010 Q1² ,,,,,,,,,,,,,,,,,Companies,Companies,,Transactions in the UK by Foreign Companies,Transactions in the UK by Foreign Companies,,,,Transaction,Transaction,,Disposals,Disposals,,,,TIMETYPE,TIMETYPE,,Quarterly,Quarterly,,,
332.0,,,,Value,,,,,,,,,,,,,2010 Q1² ,2010 Q1² ,,,,,,,,,,,,,,,,,Companies,Companies,,Transactions in the UK by Foreign Companies,Transactions in the UK by Foreign Companies,,,,Transaction,Transaction,,Disposals,Disposals,,,,TIMETYPE,TIMETYPE,,Quarterly,Quarterly,,,
49.0,,,,Number,,,,,,,,,,,,,2010 Q2 ,2010 Q2 ,,Quarter,,,,,,,,,,,,,,,Companies,Companies,,Transactions Abroad by UK Companies,Transactions Abroad by UK Companies,,,,Transaction,Transaction,,Acquisitions,Acquisitions,,,,TIMETYPE,TIMETYPE,,Quarterly,Quarterly,,,
2293.0,,,,Value,,,,,,,,,,,,,2010 Q2 ,2010 Q2 ,,Quarter,,,,,,,,,,,,,,,Companies,Companies,,Transactions Abroad by UK Companies,Transactions Abroad by UK Companies,,,,Transaction,Transaction,,Acquisitions,Acquisitions,,,,TIMETYPE,TIMETYPE,,Quarterly,Quarterly,,,
18.0,,,,Number,,,,,,,,,,,,,2010 Q2 ,2010 Q2 ,,Quarter,,,,,,,,,,,,,,,Companies,Companies,,Transactions Abroad by UK Companies,Transactions Abroad by UK Companies,,,,Transaction,Transaction,,Disposals,Disposals,,,,TIMETYPE,TIMETYPE,,Quarterly,Quarterly,,,
866.0,,,,Value,,,,,,,,,,,,,2010 Q2 ,2010 Q2 ,,Quarter,,,,,,,,,,,,,,,Companies,Companies,,Transactions Abroad by UK Companies,Transactions Abroad by UK Companies,,,,Transaction,Transaction,,Disposals,Disposals,,,,TIMETYPE,TIMETYPE,,Quarterly,Quarterly,,,
48.0,,,,Number,,,,,,,,,,,,,2010 Q2 ,2010 Q2 ,,Quarter,,,,,,,,,,,,,,,Companies,Companies,,Transactions in the UK by Foreign Companies,Transactions in the UK by Foreign Companies,,,,Transaction,Transaction,,Acquisitions,Acquisitions,,,,TIMETYPE,TIMETYPE,,Quarterly,Quarterly,,,
2841.0,,,,Value,,,,,,,,,,,,,2010 Q2 ,2010 Q2 ,,Quarter,,,,,,,,,,,,,,,Companies,Companies,,Transactions in the UK by Foreign Companies,Transactions in the UK by Foreign Companies,,,,Transaction,Transaction,,Acquisitions,Acquisitions,,,,TIMETYPE,TIMETYPE,,Quarterly,Quarterly,,,
15.0,,,,Number,,,,,,,,,,,,,2010 Q2 ,2010 Q2 ,,Quarter,,,,,,,,,,,,,,,Companies,Companies,,Transactions in the UK by Foreign Companies,Transactions in the UK by Foreign Companies,,,,Transaction,Transaction,,Disposals,Disposals,,,,TIMETYPE,TIMETYPE,,Quarterly,Quarterly,,,
1092.0,,,,Value,,,,,,,,,,,,,2010 Q2 ,2010 Q2 ,,Quarter,,,,,,,,,,,,,,,Companies,Companies,,Transactions in the UK by Foreign Companies,Transactions in the UK by Foreign Companies,,,,Transaction,Transaction,,Disposals,Disposals,,,,TIMETYPE,TIMETYPE,,Quarterly,Quarterly,,,
54.0,,,,Number,,,,,,,,,,,,,2010 Q3 ,2010 Q3 ,,Quarter,,,,,,,,,,,,,,,Companies,Companies,,Transactions Abroad by UK Companies,Transactions Abroad by UK Companies,,,,Transaction,Transaction,,Acquisitions,Acquisitions,,,,TIMETYPE,TIMETYPE,,Quarterly,Quarterly,,,
5308.0,,,,Value,,,,,,,,,,,,,2010 Q3 ,2010 Q3 ,,Quarter,,,,,,,,,,,,,,,Companies,Companies,,Transactions Abroad by UK Companies,Transactions Abroad by UK Companies,,,,Transaction,Transaction,,Acquisitions,Acquisitions,,,,TIMETYPE,TIMETYPE,,Quarterly,Quarterly,,,
18.0,,,,Number,,,,,,,,,,,,,2010 Q3 ,2010 Q3 ,,Quarter,,,,,,,,,,,,,,,Companies,Companies,,Transactions Abroad by UK Companies,Transactions Abroad by UK Companies,,,,Transaction,Transaction,,Disposals,Disposals,,,,TIMETYPE,TIMETYPE,,Quarterly,Quarterly,,,
4189.0,,,,Value,,,,,,,,,,,,,2010 Q3 ,2010 Q3 ,,Quarter,,,,,,,,,,,,,,,Companies,Companies,,Transactions Abroad by UK Companies,Transactions Abroad by UK Companies,,,,Transaction,Transaction,,Disposals,Disposals,,,,TIMETYPE,TIMETYPE,,Quarterly,Quarterly,,,
59.0,,,,Number,,,,,,,,,,,,,2010 Q3 ,2010 Q3 ,,Quarter,,,,,,,,,,,,,,,Companies,Companies,,Transactions in the UK by Foreign Companies,Transactions in the UK by Foreign Companies,,,,Transaction,Transaction,,Acquisitions,Acquisitions,,,,TIMETYPE,TIMETYPE,,Quarterly,Quarterly,,,
12405.0,,,,Value,,,,,,,,,,,,,2010 Q3 ,2010 Q3 ,,Quarter,,,,,,,,,,,,,,,Companies,Companies,,Transactions in the UK by Foreign Companies,Transactions in the UK by Foreign Companies,,,,Transaction,Transaction,,Acquisitions,Acquisitions,,,,TIMETYPE,TIMETYPE,,Quarterly,Quarterly,,,
19.0,,,,Number,,,,,,,,,,,,,2010 Q3 ,2010 Q3 ,,Quarter,,,,,,,,,,,,,,,Companies,Companies,,Transactions in the UK by Foreign Companies,Transactions in the UK by Foreign Companies,,,,Transaction,Transaction,,Disposals,Disposals,,,,TIMETYPE,TIMETYPE,,Quarterly,Quarterly,,,
3448.0,,,,Value,,,,,,,,,,,,,2010 Q3 ,2010 Q3 ,,Quarter,,,,,,,,,,,,,,,Companies,Companies,,Transactions in the UK by Foreign Companies,Transactions in the UK by Foreign Companies,,,,Transaction,Transaction,,Disposals,Disposals,,,,TIMETYPE,TIMETYPE,,Quarterly,Quarterly,,,
66.0,,,,Number,,,,,,,,,,,,,2010 Q4 ,2010 Q4 ,,Quarter,,,,,,,,,,,,,,,Companies,Companies,,Transactions Abroad by UK Companies,Transactions Abroad by UK Companies,,,,Transaction,Transaction,,Acquisitions,Acquisitions,,,,TIMETYPE,TIMETYPE,,Quarterly,Quarterly,,,
3786.0,,,,Value,,,,,,,,,,,,,2010 Q4 ,2010 Q4 ,,Quarter,,,,,,,,,,,,,,,Companies,Companies,,Transactions Abroad by UK Companies,Transactions Abroad by UK Companies,,,,Transaction,Transaction,,Acquisitions,Acquisitions,,,,TIMETYPE,TIMETYPE,,Quarterly,Quarterly,,,
24.0,,,,Number,,,,,,,,,,,,,2010 Q4 ,2010 Q4 ,,Quarter,,,,,,,,,,,,,,,Companies,Companies,,Transactions Abroad by UK Companies,Transactions Abroad by UK Companies,,,,Transaction,Transaction,,Disposals,Disposals,,,,TIMETYPE,TIMETYPE,,Quarterly,Quarterly,,,
3566.0,,,,Value,,,,,,,,,,,,,2010 Q4 ,2010 Q4 ,,Quarter,,,,,,,,,,,,,,,Companies,Companies,,Transactions Abroad by UK Companies,Transactions Abroad by UK Companies,,,,Transaction,Transaction,,Disposals,Disposals,,,,TIMETYPE,TIMETYPE,,Quarterly,Quarterly,,,
51.0,,,,Number,,,,,,,,,,,,,2010 Q4 ,2010 Q4 ,,Quarter,,,,,,,,,,,,,,,Companies,Companies,,Transactions in the UK by Foreign Companies,Transactions in the UK by Foreign Companies,,,,Transaction,Transaction,,Acquisitions,Acquisitions,,,,TIMETYPE,TIMETYPE,,Quarterly,Quarterly,,,
7026.0,,,,Value,,,,,,,,,,,,,2010 Q4 ,2010 Q4 ,,Quarter,,,,,,,,,,,,,,,Companies,Companies,,Transactions in the UK by Foreign Companies,Transactions in the UK by Foreign Companies,,,,Transaction,Transaction,,Acquisitions,Acquisitions,,,,TIMETYPE,TIMETYPE,,Quarterly,Quarterly,,,
16.0,,,,Number,,,,,,,,,,,,,2010 Q4 ,2010 Q4 ,,Quarter,,,,,,,,,,,,,,,Companies,Companies,,Transactions in the UK by Foreign Companies,Transactions in the UK by Foreign Companies,,,,Transaction,Transaction,,Disposals,Disposals,,,,TIMETYPE,TIMETYPE,,Quarterly,Quarterly,,,
5019.0,,,,Value,,,,,,,,,,,,,2010 Q4 ,2010 Q4 ,,Quarter,,,,,,,,,,,,,,,Companies,Companies,,Transactions in the UK by Foreign Companies,Transactions in the UK by Foreign Companies,,,,Transaction,Transaction,,Disposals,Disposals,,,,TIMETYPE,TIMETYPE,,Quarterly,Quarterly,,,
70.0,,,,Number,,,,,,,,,,,,,2011 Q1 ,2011 Q1 ,,Quarter,,,,,,,,,,,,,,,Companies,Companies,,Transactions Abroad by UK Companies,Transactions Abroad by UK Companies,,,,Transaction,Transaction,,Acquisitions,Acquisitions,,,,TIMETYPE,TIMETYPE,,Quarterly,Quarterly,,,
19848.0,,,,Value,,,,,,,,,,,,,2011 Q1 ,2011 Q1 ,,Quarter,,,,,,,,,,,,,,,Companies,Companies,,Transactions Abroad by UK Companies,Transactions Abroad by UK Companies,,,,Transaction,Transaction,,Acquisitions,Acquisitions,,,,TIMETYPE,TIMETYPE,,Quarterly,Quarterly,,,
18.0,,,,Number,,,,,,,,,,,,,2011 Q1 ,2011 Q1 ,,Quarter,,,,,,,,,,,,,,,Companies,Companies,,Transactions Abroad by UK Companies,Transactions Abroad by UK Companies,,,,Transaction,Transaction,,Disposals,Disposals,,,,TIMETYPE,TIMETYPE,,Quarterly,Quarterly,,,
3268.0,,,,Value,,,,,,,,,,,,,2011 Q1 ,2011 Q1 ,,Quarter,,,,,,,,,,,,,,,Companies,Companies,,Transactions Abroad by UK Companies,Transactions Abroad by UK Companies,,,,Transaction,Transaction,,Disposals,Disposals,,,,TIMETYPE,TIMETYPE,,Quarterly,Quarterly,,,
54.0,,,,Number,,,,,,,,,,,,,2011 Q1 ,2011 Q1 ,,Quarter,,,,,,,,,,,,,,,Companies,Companies,,Transactions in the UK by Foreign Companies,Transactions in the UK by Foreign Companies,,,,Transaction,Transaction,,Acquisitions,Acquisitions,,,,TIMETYPE,TIMETYPE,,Quarterly,Quarterly,,,
5765.0,,,,Value,,,,,,,,,,,,,2011 Q1 ,2011 Q1 ,,Quarter,,,,,,,,,,,,,,,Companies,Companies,,Transactions in the UK by Foreign Companies,Transactions in the UK by Foreign Companies,,,,Transaction,Transaction,,Acquisitions,Acquisitions,,,,TIMETYPE,TIMETYPE,,Quarterly,Quarterly,,,
15.0,,,,Number,,,,,,,,,,,,,2011 Q1 ,2011 Q1 ,,Quarter,,,,,,,,,,,,,,,Companies,Companies,,Transactions in the UK by Foreign Companies,Transactions in the UK by Foreign Companies,,,,Transaction,Transaction,,Disposals,Disposals,,,,TIMETYPE,TIMETYPE,,Quarterly,Quarterly,,,
925.0,,,,Value,,,,,,,,,,,,,2011 Q1 ,2011 Q1 ,,Quarter,,,,,,,,,,,,,,,Companies,Companies,,Transactions in the UK by Foreign Companies,Transactions in the UK by Foreign Companies,,,,Transaction,Transaction,,Disposals,Disposals,,,,TIMETYPE,TIMETYPE,,Quarterly,Quarterly,,,
75.0,,,,Number,,,,,,,,,,,,,2011 Q2 ,2011 Q2 ,,Quarter,,,,,,,,,,,,,,,Companies,Companies,,Transactions Abroad by UK Companies,Transactions Abroad by UK Companies,,,,Transaction,Transaction,,Acquisitions,Acquisitions,,,,TIMETYPE,TIMETYPE,,Quarterly,Quarterly,,,
10982.0,,,,Value,,,,,,,,,,,,,2011 Q2 ,2011 Q2 ,,Quarter,,,,,,,,,,,,,,,Companies,Companies,,Transactions Abroad by UK Companies,Transactions Abroad by UK Companies,,,,Transaction,Transaction,,Acquisitions,Acquisitions,,,,TIMETYPE,TIMETYPE,,Quarterly,Quarterly,,,
19.0,,,,Number,,,,,,,,,,,,,2011 Q2 ,2011 Q2 ,,Quarter,,,,,,,,,,,,,,,Companies,Companies,,Transactions Abroad by UK Companies,Transactions Abroad by UK Companies,,,,Transaction,Transaction,,Disposals,Disposals,,,,TIMETYPE,TIMETYPE,,Quarterly,Quarterly,,,
3110.0,,,,Value,,,,,,,,,,,,,2011 Q2 ,2011 Q2 ,,Quarter,,,,,,,,,,,,,,,Companies,Companies,,Transactions Abroad by UK Companies,Transactions Abroad by UK Companies,,,,Transaction,Transaction,,Disposals,Disposals,,,,TIMETYPE,TIMETYPE,,Quarterly,Quarterly,,,
68.0,,,,Number,,,,,,,,,,,,,2011 Q2 ,2011 Q2 ,,Quarter,,,,,,,,,,,,,,,Companies,Companies,,Transactions in the UK by Foreign Companies,Transactions in the UK by Foreign Companies,,,,Transaction,Transaction,,Acquisitions,Acquisitions,,,,TIMETYPE,TIMETYPE,,Quarterly,Quarterly,,,
9712.0,,,,Value,,,,,,,,,,,,,2011 Q2 ,2011 Q2 ,,Quarter,,,,,,,,,,,,,,,Companies,Companies,,Transactions in the UK by Foreign Companies,Transactions in the UK by Foreign Companies,,,,Transaction,Transaction,,Acquisitions,Acquisitions,,,,TIMETYPE,TIMETYPE,,Quarterly,Quarterly,,,
15.0,,,,Number,,,,,,,,,,,,,2011 Q2 ,2011 Q2 ,,Quarter,,,,,,,,,,,,,,,Companies,Companies,,Transactions in the UK by Foreign Companies,Transactions in the UK by Foreign Companies,,,,Transaction,Transaction,,Disposals,Disposals,,,,TIMETYPE,TIMETYPE,,Quarterly,Quarterly,,,
6102.0,,,,Value,,,,,,,,,,,,,2011 Q2 ,2011 Q2 ,,Quarter,,,,,,,,,,,,,,,Companies,Companies,,Transactions in the UK by Foreign Companies,Transactions in the UK by Foreign Companies,,,,Transaction,Transaction,,Disposals,Disposals,,,,TIMETYPE,TIMETYPE,,Quarterly,Quarterly,,,
77.0,,,,Number,,,,,,,,,,,,,2011 Q3 ,2011 Q3 ,,Quarter,,,,,,,,,,,,,,,Companies,Companies,,Transactions Abroad by UK Companies,Transactions Abroad by UK Companies,,,,Transaction,Transaction,,Acquisitions,Acquisitions,,,,TIMETYPE,TIMETYPE,,Quarterly,Quarterly,,,
6816.0,,,,Value,,,,,,,,,,,,,2011 Q3 ,2011 Q3 ,,Quarter,,,,,,,,,,,,,,,Companies,Companies,,Transactions Abroad by UK Companies,Transactions Abroad by UK Companies,,,,Transaction,Transaction,,Acquisitions,Acquisitions,,,,TIMETYPE,TIMETYPE,,Quarterly,Quarterly,,,
22.0,,,,Number,,,,,,,,,,,,,2011 Q3 ,2011 Q3 ,,Quarter,,,,,,,,,,,,,,,Companies,Companies,,Transactions Abroad by UK Companies,Transactions Abroad by UK Companies,,,,Transaction,Transaction,,Disposals,Disposals,,,,TIMETYPE,TIMETYPE,,Quarterly,Quarterly,,,
3620.0,,,,Value,,,,,,,,,,,,,2011 Q3 ,2011 Q3 ,,Quarter,,,,,,,,,,,,,,,Companies,Companies,,Transactions Abroad by UK Companies,Transactions Abroad by UK Companies,,,,Transaction,Transaction,,Disposals,Disposals,,,,TIMETYPE,TIMETYPE,,Quarterly,Quarterly,,,
68.0,,,,Number,,,,,,,,,,,,,2011 Q3 ,2011 Q3 ,,Quarter,,,,,,,,,,,,,,,Companies,Companies,,Transactions in the UK by Foreign Companies,Transactions in the UK by Foreign Companies,,,,Transaction,Transaction,,Acquisitions,Acquisitions,,,,TIMETYPE,TIMETYPE,,Quarterly,Quarterly,,,
5108.0,,,,Value,,,,,,,,,,,,,2011 Q3 ,2011 Q3 ,,Quarter,,,,,,,,,,,,,,,Companies,Companies,,Transactions in the UK by Foreign Companies,Transactions in the UK by Foreign Companies,,,,Transaction,Transaction,,Acquisitions,Acquisitions,,,,TIMETYPE,TIMETYPE,,Quarterly,Quarterly,,,
17.0,,,,Number,,,,,,,,,,,,,2011 Q3 ,2011 Q3 ,,Quarter,,,,,,,,,,,,,,,Companies,Companies,,Transactions in the UK by Foreign Companies,Transactions in the UK by Foreign Companies,,,,Transaction,Transaction,,Disposals,Disposals,,,,TIMETYPE,TIMETYPE,,Quarterly,Quarterly,,,
1887.0,,,,Value,,,,,,,,,,,,,2011 Q3 ,2011 Q3 ,,Quarter,,,,,,,,,,,,,,,Companies,Companies,,Transactions in the UK by Foreign Companies,Transactions in the UK by Foreign Companies,,,,Transaction,Transaction,,Disposals,Disposals,,,,TIMETYPE,TIMETYPE,,Quarterly,Quarterly,,,
64.0,,,,Number,,,,,,,,,,,,,2011 Q4 ,2011 Q4 ,,Quarter,,,,,,,,,,,,,,,Companies,Companies,,Transactions Abroad by UK Companies,Transactions Abroad by UK Companies,,,,Transaction,Transaction,,Acquisitions,Acquisitions,,,,TIMETYPE,TIMETYPE,,Quarterly,Quarterly,,,
12588.0,,,,Value,,,,,,,,,,,,,2011 Q4 ,2011 Q4 ,,Quarter,,,,,,,,,,,,,,,Companies,Companies,,Transactions Abroad by UK Companies,Transactions Abroad by UK Companies,,,,Transaction,Transaction,,Acquisitions,Acquisitions,,,,TIMETYPE,TIMETYPE,,Quarterly,Quarterly,,,
21.0,,,,Number,,,,,,,,,,,,,2011 Q4 ,2011 Q4 ,,Quarter,,,,,,,,,,,,,,,Companies,Companies,,Transactions Abroad by UK Companies,Transactions Abroad by UK Companies,,,,Transaction,Transaction,,Disposals,Disposals,,,,TIMETYPE,TIMETYPE,,Quarterly,Quarterly,,,
4113.0,,,,Value,,,,,,,,,,,,,2011 Q4 ,2011 Q4 ,,Quarter,,,,,,,,,,,,,,,Companies,Companies,,Transactions Abroad by UK Companies,Transactions Abroad by UK Companies,,,,Transaction,Transaction,,Disposals,Disposals,,,,TIMETYPE,TIMETYPE,,Quarterly,Quarterly,,,
47.0,,,,Number,,,,,,,,,,,,,2011 Q4 ,2011 Q4 ,,Quarter,,,,,,,,,,,,,,,Companies,Companies,,Transactions in the UK by Foreign Companies,Transactions in the UK by Foreign Companies,,,,Transaction,Transaction,,Acquisitions,Acquisitions,,,,TIMETYPE,TIMETYPE,,Quarterly,Quarterly,,,
12382.0,,,,Value,,,,,,,,,,,,,2011 Q4 ,2011 Q4 ,,Quarter,,,,,,,,,,,,,,,Companies,Companies,,Transactions in the UK by Foreign Companies,Transactions in the UK by Foreign Companies,,,,Transaction,Transaction,,Acquisitions,Acquisitions,,,,TIMETYPE,TIMETYPE,,Quarterly,Quarterly,,,
22.0,,,,Number,,,,,,,,,,,,,2011 Q4 ,2011 Q4 ,,Quarter,,,,,,,,,,,,,,,Companies,Companies,,Transactions in the UK by Foreign Companies,Transactions in the UK by Foreign Companies,,,,Transaction,Transaction,,Disposals,Disposals,,,,TIMETYPE,TIMETYPE,,Quarterly,Quarterly,,,
2834.0,,,,Value,,,,,,,,,,,,,2011 Q4 ,2011 Q4 ,,Quarter,,,,,,,,,,,,,,,Companies,Companies,,Transactions in the UK by Foreign Companies,Transactions in the UK by Foreign Companies,,,,Transaction,Transaction,,Disposals,Disposals,,,,TIMETYPE,TIMETYPE,,Quarterly,Quarterly,,,
25.0,,,,Number,,,,,,,,,,,,,2012 Q1 ,2012 Q1 ,,Quarter,,,,,,,,,,,,,,,Companies,Companies,,Transactions Abroad by UK Companies,Transactions Abroad by UK Companies,,,,Transaction,Transaction,,Acquisitions,Acquisitions,,,,TIMETYPE,TIMETYPE,,Quarterly,Quarterly,,,
772.0,,,,Value,,,,,,,,,,,,,2012 Q1 ,2012 Q1 ,,Quarter,,,,,,,,,,,,,,,Companies,Companies,,Transactions Abroad by UK Companies,Transactions Abroad by UK Companies,,,,Transaction,Transaction,,Acquisitions,Acquisitions,,,,TIMETYPE,TIMETYPE,,Quarterly,Quarterly,,,
8.0,,,,Number,,,,,,,,,,,,,2012 Q1 ,2012 Q1 ,,Quarter,,,,,,,,,,,,,,,Companies,Companies,,Transactions Abroad by UK Companies,Transactions Abroad by UK Companies,,,,Transaction,Transaction,,Disposals,Disposals,,,,TIMETYPE,TIMETYPE,,Quarterly,Quarterly,,,
2122.0,,,,Value,,,,,,,,,,,,,2012 Q1 ,2012 Q1 ,,Quarter,,,,,,,,,,,,,,,Companies,Companies,,Transactions Abroad by UK Companies,Transactions Abroad by UK Companies,,,,Transaction,Transaction,,Disposals,Disposals,,,,TIMETYPE,TIMETYPE,,Quarterly,Quarterly,,,
51.0,,,,Number,,,,,,,,,,,,,2012 Q1 ,2012 Q1 ,,Quarter,,,,,,,,,,,,,,,Companies,Companies,,Transactions in the UK by Foreign Companies,Transactions in the UK by Foreign Companies,,,,Transaction,Transaction,,Acquisitions,Acquisitions,,,,TIMETYPE,TIMETYPE,,Quarterly,Quarterly,,,
4235.0,,,,Value,,,,,,,,,,,,,2012 Q1 ,2012 Q1 ,,Quarter,,,,,,,,,,,,,,,Companies,Companies,,Transactions in the UK by Foreign Companies,Transactions in the UK by Foreign Companies,,,,Transaction,Transaction,,Acquisitions,Acquisitions,,,,TIMETYPE,TIMETYPE,,Quarterly,Quarterly,,,
8.0,,,,Number,,,,,,,,,,,,,2012 Q1 ,2012 Q1 ,,Quarter,,,,,,,,,,,,,,,Companies,Companies,,Transactions in the UK by Foreign Companies,Transactions in the UK by Foreign Companies,,,,Transaction,Transaction,,Disposals,Disposals,,,,TIMETYPE,TIMETYPE,,Quarterly,Quarterly,,,
,..,,,Value,,,,,,,,,,,,,2012 Q1 ,2012 Q1 ,,Quarter,,,,,,,,,,,,,,,Companies,Companies,,Transactions in the UK by Foreign Companies,Transactions in the UK by Foreign Companies,,,,Transaction,Transaction,,Disposals,Disposals,,,,TIMETYPE,TIMETYPE,,Quarterly,Quarterly,,,
41.0,,,,Number,,,,,,,,,,,,,2012 Q2 ,2012 Q2 ,,Quarter,,,,,,,,,,,,,,,Companies,Companies,,Transactions Abroad by UK Companies,Transactions Abroad by UK Companies,,,,Transaction,Transaction,,Acquisitions,Acquisitions,,,,TIMETYPE,TIMETYPE,,Quarterly,Quarterly,,,
6243.0,,,,Value,,,,,,,,,,,,,2012 Q2 ,2012 Q2 ,,Quarter,,,,,,,,,,,,,,,Companies,Companies,,Transactions Abroad by UK Companies,Transactions Abroad by UK Companies,,,,Transaction,Transaction,,Acquisitions,Acquisitions,,,,TIMETYPE,TIMETYPE,,Quarterly,Quarterly,,,
14.0,,,,Number,,,,,,,,,,,,,2012 Q2 ,2012 Q2 ,,Quarter,,,,,,,,,,,,,,,Companies,Companies,,Transactions Abroad by UK Companies,Transactions Abroad by UK Companies,,,,Transaction,Transaction,,Disposals,Disposals,,,,TIMETYPE,TIMETYPE,,Quarterly,Quarterly,,,
1375.0,,,,Value,,,,,,,,,,,,,2012 Q2 ,2012 Q2 ,,Quarter,,,,,,,,,,,,,,,Companies,Companies,,Transactions Abroad by UK Companies,Transactions Abroad by UK Companies,,,,Transaction,Transaction,,Disposals,Disposals,,,,TIMETYPE,TIMETYPE,,Quarterly,Quarterly,,,
48.0,,,,Number,,,,,,,,,,,,,2012 Q2 ,2012 Q2 ,,Quarter,,,,,,,,,,,,,,,Companies,Companies,,Transactions in the UK by Foreign Companies,Transactions in the UK by Foreign Companies,,,,Transaction,Transaction,,Acquisitions,Acquisitions,,,,TIMETYPE,TIMETYPE,,Quarterly,Quarterly,,,
2514.0,,,,Value,,,,,,,,,,,,,2012 Q2 ,2012 Q2 ,,Quarter,,,,,,,,,,,,,,,Companies,Companies,,Transactions in the UK by Foreign Companies,Transactions in the UK by Foreign Companies,,,,Transaction,Transaction,,Acquisitions,Acquisitions,,,,TIMETYPE,TIMETYPE,,Quarterly,Quarterly,,,
7.0,,,,Number,,,,,,,,,,,,,2012 Q2 ,2012 Q2 ,,Quarter,,,,,,,,,,,,,,,Companies,Companies,,Transactions in the UK by Foreign Companies,Transactions in the UK by Foreign Companies,,,,Transaction,Transaction,,Disposals,Disposals,,,,TIMETYPE,TIMETYPE,,Quarterly,Quarterly,,,
,..,,,Value,,,,,,,,,,,,,2012 Q2 ,2012 Q2 ,,Quarter,,,,,,,,,,,,,,,Companies,Companies,,Transactions in the UK by Foreign Companies,Transactions in the UK by Foreign Companies,,,,Transaction,Transaction,,Disposals,Disposals,,,,TIMETYPE,TIMETYPE,,Quarterly,Quarterly,,,
21.0,,,,Number,,,,,,,,,,,,,2012 Q3 ,2012 Q3 ,,Quarter,,,,,,,,,,,,,,,Companies,Companies,,Transactions Abroad by UK Companies,Transactions Abroad by UK Companies,,,,Transaction,Transaction,,Acquisitions,Acquisitions,,,,TIMETYPE,TIMETYPE,,Quarterly,Quarterly,,,
8231.0,,,,Value,,,,,,,,,,,,,2012 Q3 ,2012 Q3 ,,Quarter,,,,,,,,,,,,,,,Companies,Companies,,Transactions Abroad by UK Companies,Transactions Abroad by UK Companies,,,,Transaction,Transaction,,Acquisitions,Acquisitions,,,,TIMETYPE,TIMETYPE,,Quarterly,Quarterly,,,
7.0,,,,Number,,,,,,,,,,,,,2012 Q3 ,2012 Q3 ,,Quarter,,,,,,,,,,,,,,,Companies,Companies,,Transactions Abroad by UK Companies,Transactions Abroad by UK Companies,,,,Transaction,Transaction,,Disposals,Disposals,,,,TIMETYPE,TIMETYPE,,Quarterly,Quarterly,,,
632.0,,,,Value,,,,,,,,,,,,,2012 Q3 ,2012 Q3 ,,Quarter,,,,,,,,,,,,,,,Companies,Companies,,Transactions Abroad by UK Companies,Transactions Abroad by UK Companies,,,,Transaction,Transaction,,Disposals,Disposals,,,,TIMETYPE,TIMETYPE,,Quarterly,Quarterly,,,
39.0,,,,Number,,,,,,,,,,,,,2012 Q3 ,2012 Q3 ,,Quarter,,,,,,,,,,,,,,,Companies,Companies,,Transactions in the UK by Foreign Companies,Transactions in the UK by Foreign Companies,,,,Transaction,Transaction,,Acquisitions,Acquisitions,,,,TIMETYPE,TIMETYPE,,Quarterly,Quarterly,,,
8778.0,,,,Value,,,,,,,,,,,,,2012 Q3 ,2012 Q3 ,,Quarter,,,,,,,,,,,,,,,Companies,Companies,,Transactions in the UK by Foreign Companies,Transactions in the UK by Foreign Companies,,,,Transaction,Transaction,,Acquisitions,Acquisitions,,,,TIMETYPE,TIMETYPE,,Quarterly,Quarterly,,,
4.0,,,,Number,,,,,,,,,,,,,2012 Q3 ,2012 Q3 ,,Quarter,,,,,,,,,,,,,,,Companies,Companies,,Transactions in the UK by Foreign Companies,Transactions in the UK by Foreign Companies,,,,Transaction,Transaction,,Disposals,Disposals,,,,TIMETYPE,TIMETYPE,,Quarterly,Quarterly,,,
,..,,,Value,,,,,,,,,,,,,2012 Q3 ,2012 Q3 ,,Quarter,,,,,,,,,,,,,,,Companies,Companies,,Transactions in the UK by Foreign Companies,Transactions in the UK by Foreign Companies,,,,Transaction,Transaction,,Disposals,Disposals,,,,TIMETYPE,TIMETYPE,,Quarterly,Quarterly,,,
35.0,,,,Number,,,,,,,,,,,,,2012 Q4 ,2012 Q4 ,,Quarter,,,,,,,,,,,,,,,Companies,Companies,,Transactions Abroad by UK Companies,Transactions Abroad by UK Companies,,,,Transaction,Transaction,,Acquisitions,Acquisitions,,,,TIMETYPE,TIMETYPE,,Quarterly,Quarterly,,,
2687.0,,,,Value,,,,,,,,,,,,,2012 Q4 ,2012 Q4 ,,Quarter,,,,,,,,,,,,,,,Companies,Companies,,Transactions Abroad by UK Companies,Transactions Abroad by UK Companies,,,,Transaction,Transaction,,Acquisitions,Acquisitions,,,,TIMETYPE,TIMETYPE,,Quarterly,Quarterly,,,
11.0,,,,Number,,,,,,,,,,,,,2012 Q4 ,2012 Q4 ,,Quarter,,,,,,,,,,,,,,,Companies,Companies,,Transactions Abroad by UK Companies,Transactions Abroad by UK Companies,,,,Transaction,Transaction,,Disposals,Disposals,,,,TIMETYPE,TIMETYPE,,Quarterly,Quarterly,,,
,..,,,Value,,,,,,,,,,,,,2012 Q4 ,2012 Q4 ,,Quarter,,,,,,,,,,,,,,,Companies,Companies,,Transactions Abroad by UK Companies,Transactions Abroad by UK Companies,,,,Transaction,Transaction,,Disposals,Disposals,,,,TIMETYPE,TIMETYPE,,Quarterly,Quarterly,,,
23.0,,,,Number,,,,,,,,,,,,,2012 Q4 ,2012 Q4 ,,Quarter,,,,,,,,,,,,,,,Companies,Companies,,Transactions in the UK by Foreign Companies,Transactions in the UK by Foreign Companies,,,,Transaction,Transaction,,Acquisitions,Acquisitions,,,,TIMETYPE,TIMETYPE,,Quarterly,Quarterly,,,
1887.0,,,,Value,,,,,,,,,,,,,2012 Q4 ,2012 Q4 ,,Quarter,,,,,,,,,,,,,,,Companies,Companies,,Transactions in the UK by Foreign Companies,Transactions in the UK by Foreign Companies,,,,Transaction,Transaction,,Acquisitions,Acquisitions,,,,TIMETYPE,TIMETYPE,,Quarterly,Quarterly,,,
8.0,,,,Number,,,,,,,,,,,,,2012 Q4 ,2012 Q4 ,,Quarter,,,,,,,,,,,,,,,Companies,Companies,,Transactions in the UK by Foreign Companies,Transactions in the UK by Foreign Companies,,,,Transaction,Transaction,,Disposals,Disposals,,,,TIMETYPE,TIMETYPE,,Quarterly,Quarterly,,,
1150.0,,,,Value,,,,,,,,,,,,,2012 Q4 ,2012 Q4 ,,Quarter,,,,,,,,,,,,,,,Companies,Companies,,Transactions in the UK by Foreign Companies,Transactions in the UK by Foreign Companies,,,,Transaction,Transaction,,Disposals,Disposals,,,,TIMETYPE,TIMETYPE,,Quarterly,Quarterly,,,
27.0,,,,Number,,,,,,,,,,,,,2013 Q1 ,2013 Q1 ,,Quarter,,,,,,,,,,,,,,,Companies,Companies,,Transactions Abroad by UK Companies,Transactions Abroad by UK Companies,,,,Transaction,Transaction,,Acquisitions,Acquisitions,,,,TIMETYPE,TIMETYPE,,Quarterly,Quarterly,,,
1977.0,,,,Value,,,,,,,,,,,,,2013 Q1 ,2013 Q1 ,,Quarter,,,,,,,,,,,,,,,Companies,Companies,,Transactions Abroad by UK Companies,Transactions Abroad by UK Companies,,,,Transaction,Transaction,,Acquisitions,Acquisitions,,,,TIMETYPE,TIMETYPE,,Quarterly,Quarterly,,,
10.0,,,,Number,,,,,,,,,,,,,2013 Q1 ,2013 Q1 ,,Quarter,,,,,,,,,,,,,,,Companies,Companies,,Transactions Abroad by UK Companies,Transactions Abroad by UK Companies,,,,Transaction,Transaction,,Disposals,Disposals,,,,TIMETYPE,TIMETYPE,,Quarterly,Quarterly,,,
5546.0,,,,Value,,,,,,,,,,,,,2013 Q1 ,2013 Q1 ,,Quarter,,,,,,,,,,,,,,,Companies,Companies,,Transactions Abroad by UK Companies,Transactions Abroad by UK Companies,,,,Transaction,Transaction,,Disposals,Disposals,,,,TIMETYPE,TIMETYPE,,Quarterly,Quarterly,,,
19.0,,,,Number,,,,,,,,,,,,,2013 Q1 ,2013 Q1 ,,Quarter,,,,,,,,,,,,,,,Companies,Companies,,Transactions in the UK by Foreign Companies,Transactions in the UK by Foreign Companies,,,,Transaction,Transaction,,Acquisitions,Acquisitions,,,,TIMETYPE,TIMETYPE,,Quarterly,Quarterly,,,
3528.0,,,,Value,,,,,,,,,,,,,2013 Q1 ,2013 Q1 ,,Quarter,,,,,,,,,,,,,,,Companies,Companies,,Transactions in the UK by Foreign Companies,Transactions in the UK by Foreign Companies,,,,Transaction,Transaction,,Acquisitions,Acquisitions,,,,TIMETYPE,TIMETYPE,,Quarterly,Quarterly,,,
4.0,,,,Number,,,,,,,,,,,,,2013 Q1 ,2013 Q1 ,,Quarter,,,,,,,,,,,,,,,Companies,Companies,,Transactions in the UK by Foreign Companies,Transactions in the UK by Foreign Companies,,,,Transaction,Transaction,,Disposals,Disposals,,,,TIMETYPE,TIMETYPE,,Quarterly,Quarterly,,,
89.0,,,,Value,,,,,,,,,,,,,2013 Q1 ,2013 Q1 ,,Quarter,,,,,,,,,,,,,,,Companies,Companies,,Transactions in the UK by Foreign Companies,Transactions in the UK by Foreign Companies,,,,Transaction,Transaction,,Disposals,Disposals,,,,TIMETYPE,TIMETYPE,,Quarterly,Quarterly,,,
13.0,,,,Number,,,,,,,,,,,,,2013 Q2,2013 Q2,,Quarter,,,,,,,,,,,,,,,Companies,Companies,,Transactions Abroad by UK Companies,Transactions Abroad by UK Companies,,,,Transaction,Transaction,,Acquisitions,Acquisitions,,,,TIMETYPE,TIMETYPE,,Quarterly,Quarterly,,,
1045.0,,,,Value,,,,,,,,,,,,,2013 Q2,2013 Q2,,Quarter,,,,,,,,,,,,,,,Companies,Companies,,Transactions Abroad by UK Companies,Transactions Abroad by UK Companies,,,,Transaction,Transaction,,Acquisitions,Acquisitions,,,,TIMETYPE,TIMETYPE,,Quarterly,Quarterly,,,
13.0,,,,Number,,,,,,,,,,,,,2013 Q2,2013 Q2,,Quarter,,,,,,,,,,,,,,,Companies,Companies,,Transactions Abroad by UK Companies,Transactions Abroad by UK Companies,,,,Transaction,Transaction,,Disposals,Disposals,,,,TIMETYPE,TIMETYPE,,Quarterly,Quarterly,,,
3572.0,,,,Value,,,,,,,,,,,,,2013 Q2,2013 Q2,,Quarter,,,,,,,,,,,,,,,Companies,Companies,,Transactions Abroad by UK Companies,Transactions Abroad by UK Companies,,,,Transaction,Transaction,,Disposals,Disposals,,,,TIMETYPE,TIMETYPE,,Quarterly,Quarterly,,,
33.0,,,,Number,,,,,,,,,,,,,2013 Q2,2013 Q2,,Quarter,,,,,,,,,,,,,,,Companies,Companies,,Transactions in the UK by Foreign Companies,Transactions in the UK by Foreign Companies,,,,Transaction,Transaction,,Acquisitions,Acquisitions,,,,TIMETYPE,TIMETYPE,,Quarterly,Quarterly,,,
23506.0,,,,Value,,,,,,,,,,,,,2013 Q2,2013 Q2,,Quarter,,,,,,,,,,,,,,,Companies,Companies,,Transactions in the UK by Foreign Companies,Transactions in the UK by Foreign Companies,,,,Transaction,Transaction,,Acquisitions,Acquisitions,,,,TIMETYPE,TIMETYPE,,Quarterly,Quarterly,,,
8.0,,,,Number,,,,,,,,,,,,,2013 Q2,2013 Q2,,Quarter,,,,,,,,,,,,,,,Companies,Companies,,Transactions in the UK by Foreign Companies,Transactions in the UK by Foreign Companies,,,,Transaction,Transaction,,Disposals,Disposals,,,,TIMETYPE,TIMETYPE,,Quarterly,Quarterly,,,
710.0,,,,Value,,,,,,,,,,,,,2013 Q2,2013 Q2,,Quarter,,,,,,,,,,,,,,,Companies,Companies,,Transactions in the UK by Foreign Companies,Transactions in the UK by Foreign Companies,,,,Transaction,Transaction,,Disposals,Disposals,,,,TIMETYPE,TIMETYPE,,Quarterly,Quarterly,,,
7.0,,,,Number,,,,,,,,,,,,,2013 Q3,2013 Q3,,Quarter,,,,,,,,,,,,,,,Companies,Companies,,Transactions Abroad by UK Companies,Transactions Abroad by UK Companies,,,,Transaction,Transaction,,Acquisitions,Acquisitions,,,,TIMETYPE,TIMETYPE,,Quarterly,Quarterly,,,
474.0,,,,Value,,,,,,,,,,,,,2013 Q3,2013 Q3,,Quarter,,,,,,,,,,,,,,,Companies,Companies,,Transactions Abroad by UK Companies,Transactions Abroad by UK Companies,,,,Transaction,Transaction,,Acquisitions,Acquisitions,,,,TIMETYPE,TIMETYPE,,Quarterly,Quarterly,,,
5.0,,,,Number,,,,,,,,,,,,,2013 Q3,2013 Q3,,Quarter,,,,,,,,,,,,,,,Companies,Companies,,Transactions Abroad by UK Companies,Transactions Abroad by UK Companies,,,,Transaction,Transaction,,Disposals,Disposals,,,,TIMETYPE,TIMETYPE,,Quarterly,Quarterly,,,
439.0,,,,Value,,,,,,,,,,,,,2013 Q3,2013 Q3,,Quarter,,,,,,,,,,,,,,,Companies,Companies,,Transactions Abroad by UK Companies,Transactions Abroad by UK Companies,,,,Transaction,Transaction,,Disposals,Disposals,,,,TIMETYPE,TIMETYPE,,Quarterly,Quarterly,,,
59.0,,,,Number,,,,,,,,,,,,,2013 Q3,2013 Q3,,Quarter,,,,,,,,,,,,,,,Companies,Companies,,Transactions in the UK by Foreign Companies,Transactions in the UK by Foreign Companies,,,,Transaction,Transaction,,Acquisitions,Acquisitions,,,,TIMETYPE,TIMETYPE,,Quarterly,Quarterly,,,
2783.0,,,,Value,,,,,,,,,,,,,2013 Q3,2013 Q3,,Quarter,,,,,,,,,,,,,,,Companies,Companies,,Transactions in the UK by Foreign Companies,Transactions in the UK by Foreign Companies,,,,Transaction,Transaction,,Acquisitions,Acquisitions,,,,TIMETYPE,TIMETYPE,,Quarterly,Quarterly,,,
8.0,,,,Number,,,,,,,,,,,,,2013 Q3,2013 Q3,,Quarter,,,,,,,,,,,,,,,Companies,Companies,,Transactions in the UK by Foreign Companies,Transactions in the UK by Foreign Companies,,,,Transaction,Transaction,,Disposals,Disposals,,,,TIMETYPE,TIMETYPE,,Quarterly,Quarterly,,,
623.0,,,,Value,,,,,,,,,,,,,2013 Q3,2013 Q3,,Quarter,,,,,,,,,,,,,,,Companies,Companies,,Transactions in the UK by Foreign Companies,Transactions in the UK by Foreign Companies,,,,Transaction,Transaction,,Disposals,Disposals,,,,TIMETYPE,TIMETYPE,,Quarterly,Quarterly,,,
11.0,,,,Number,,,,,,,,,,,,,2013 Q4,2013 Q4,,Quarter,,,,,,,,,,,,,,,Companies,Companies,,Transactions Abroad by UK Companies,Transactions Abroad by UK Companies,,,,Transaction,Transaction,,Acquisitions,Acquisitions,,,,TIMETYPE,TIMETYPE,,Quarterly,Quarterly,,,
,..,,,Value,,,,,,,,,,,,,2013 Q4,2013 Q4,,Quarter,,,,,,,,,,,,,,,Companies,Companies,,Transactions Abroad by UK Companies,Transactions Abroad by UK Companies,,,,Transaction,Transaction,,Acquisitions,Acquisitions,,,,TIMETYPE,TIMETYPE,,Quarterly,Quarterly,,,
,..,,,Number,,,,,,,,,,,,,2013 Q4,2013 Q4,,Quarter,,,,,,,,,,,,,,,Companies,Companies,,Transactions Abroad by UK Companies,Transactions Abroad by UK Companies,,,,Transaction,Transaction,,Disposals,Disposals,,,,TIMETYPE,TIMETYPE,,Quarterly,Quarterly,,,
,..,,,Value,,,,,,,,,,,,,2013 Q4,2013 Q4,,Quarter,,,,,,,,,,,,,,,Companies,Companies,,Transactions Abroad by UK Companies,Transactions Abroad by UK Companies,,,,Transaction,Transaction,,Disposals,Disposals,,,,TIMETYPE,TIMETYPE,,Quarterly,Quarterly,,,
30.0,,,,Number,,,,,,,,,,,,,2013 Q4,2013 Q4,,Quarter,,,,,,,,,,,,,,,Companies,Companies,,Transactions in the UK by Foreign Companies,Transactions in the UK by Foreign Companies,,,,Transaction,Transaction,,Acquisitions,Acquisitions,,,,TIMETYPE,TIMETYPE,,Quarterly,Quarterly,,,
2022.0,,,,Value,,,,,,,,,,,,,2013 Q4,2013 Q4,,Quarter,,,,,,,,,,,,,,,Companies,Companies,,Transactions in the UK by Foreign Companies,Transactions in the UK by Foreign Companies,,,,Transaction,Transaction,,Acquisitions,Acquisitions,,,,TIMETYPE,TIMETYPE,,Quarterly,Quarterly,,,
6.0,,,,Number,,,,,,,,,,,,,2013 Q4,2013 Q4,,Quarter,,,,,,,,,,,,,,,Companies,Companies,,Transactions in the UK by Foreign Companies,Transactions in the UK by Foreign Companies,,,,Transaction,Transaction,,Disposals,Disposals,,,,TIMETYPE,TIMETYPE,,Quarterly,Quarterly,,,
491.0,,,,Value,,,,,,,,,,,,,2013 Q4,2013 Q4,,Quarter,,,,,,,,,,,,,,,Companies,Companies,,Transactions in the UK by Foreign Companies,Transactions in the UK by Foreign Companies,,,,Transaction,Transaction,,Disposals,Disposals,,,,TIMETYPE,TIMETYPE,,Quarterly,Quarterly,,,
30.0,,,,Number,,,,,,,,,,,,,2014 Q1,2014 Q1,,Quarter,,,,,,,,,,,,,,,Companies,Companies,,Transactions Abroad by UK Companies,Transactions Abroad by UK Companies,,,,Transaction,Transaction,,Acquisitions,Acquisitions,,,,TIMETYPE,TIMETYPE,,Quarterly,Quarterly,,,
1944.0,,,,Value,,,,,,,,,,,,,2014 Q1,2014 Q1,,Quarter,,,,,,,,,,,,,,,Companies,Companies,,Transactions Abroad by UK Companies,Transactions Abroad by UK Companies,,,,Transaction,Transaction,,Acquisitions,Acquisitions,,,,TIMETYPE,TIMETYPE,,Quarterly,Quarterly,,,
,..,,,Number,,,,,,,,,,,,,2014 Q1,2014 Q1,,Quarter,,,,,,,,,,,,,,,Companies,Companies,,Transactions Abroad by UK Companies,Transactions Abroad by UK Companies,,,,Transaction,Transaction,,Disposals,Disposals,,,,TIMETYPE,TIMETYPE,,Quarterly,Quarterly,,,
,..,,,Value,,,,,,,,,,,,,2014 Q1,2014 Q1,,Quarter,,,,,,,,,,,,,,,Companies,Companies,,Transactions Abroad by UK Companies,Transactions Abroad by UK Companies,,,,Transaction,Transaction,,Disposals,Disposals,,,,TIMETYPE,TIMETYPE,,Quarterly,Quarterly,,,
29.0,,,,Number,,,,,,,,,,,,,2014 Q1,2014 Q1,,Quarter,,,,,,,,,,,,,,,Companies,Companies,,Transactions in the UK by Foreign Companies,Transactions in the UK by Foreign Companies,,,,Transaction,Transaction,,Acquisitions,Acquisitions,,,,TIMETYPE,TIMETYPE,,Quarterly,Quarterly,,,
5569.0,,,,Value,,,,,,,,,,,,,2014 Q1,2014 Q1,,Quarter,,,,,,,,,,,,,,,Companies,Companies,,Transactions in the UK by Foreign Companies,Transactions in the UK by Foreign Companies,,,,Transaction,Transaction,,Acquisitions,Acquisitions,,,,TIMETYPE,TIMETYPE,,Quarterly,Quarterly,,,
,..,,,Number,,,,,,,,,,,,,2014 Q1,2014 Q1,,Quarter,,,,,,,,,,,,,,,Companies,Companies,,Transactions in the UK by Foreign Companies,Transactions in the UK by Foreign Companies,,,,Transaction,Transaction,,Disposals,Disposals,,,,TIMETYPE,TIMETYPE,,Quarterly,Quarterly,,,
,..,,,Value,,,,,,,,,,,,,2014 Q1,2014 Q1,,Quarter,,,,,,,,,,,,,,,Companies,Companies,,Transactions in the UK by Foreign Companies,Transactions in the UK by Foreign Companies,,,,Transaction,Transaction,,Disposals,Disposals,,,,TIMETYPE,TIMETYPE,,Quarterly,Quarterly,,,
25.0,,,,Number,,,,,,,,,,,,,2014 Q2,2014 Q2,,Quarter,,,,,,,,,,,,,,,Companies,Companies,,Transactions Abroad by UK Companies,Transactions Abroad by UK Companies,,,,Transaction,Transaction,,Acquisitions,Acquisitions,,,,TIMETYPE,TIMETYPE,,Quarterly,Quarterly,,,
2481.0,,,,Value,,,,,,,,,,,,,2014 Q2,2014 Q2,,Quarter,,,,,,,,,,,,,,,Companies,Companies,,Transactions Abroad by UK Companies,Transactions Abroad by UK Companies,,,,Transaction,Transaction,,Acquisitions,Acquisitions,,,,TIMETYPE,TIMETYPE,,Quarterly,Quarterly,,,
20.0,,,,Number,,,,,,,,,,,,,2014 Q2,2014 Q2,,Quarter,,,,,,,,,,,,,,,Companies,Companies,,Transactions Abroad by UK Companies,Transactions Abroad by UK Companies,,,,Transaction,Transaction,,Disposals,Disposals,,,,TIMETYPE,TIMETYPE,,Quarterly,Quarterly,,,
2422.0,,,,Value,,,,,,,,,,,,,2014 Q2,2014 Q2,,Quarter,,,,,,,,,,,,,,,Companies,Companies,,Transactions Abroad by UK Companies,Transactions Abroad by UK Companies,,,,Transaction,Transaction,,Disposals,Disposals,,,,TIMETYPE,TIMETYPE,,Quarterly,Quarterly,,,
28.0,,,,Number,,,,,,,,,,,,,2014 Q2,2014 Q2,,Quarter,,,,,,,,,,,,,,,Companies,Companies,,Transactions in the UK by Foreign Companies,Transactions in the UK by Foreign Companies,,,,Transaction,Transaction,,Acquisitions,Acquisitions,,,,TIMETYPE,TIMETYPE,,Quarterly,Quarterly,,,
1864.0,,,,Value,,,,,,,,,,,,,2014 Q2,2014 Q2,,Quarter,,,,,,,,,,,,,,,Companies,Companies,,Transactions in the UK by Foreign Companies,Transactions in the UK by Foreign Companies,,,,Transaction,Transaction,,Acquisitions,Acquisitions,,,,TIMETYPE,TIMETYPE,,Quarterly,Quarterly,,,
,..,,,Number,,,,,,,,,,,,,2014 Q2,2014 Q2,,Quarter,,,,,,,,,,,,,,,Companies,Companies,,Transactions in the UK by Foreign Companies,Transactions in the UK by Foreign Companies,,,,Transaction,Transaction,,Disposals,Disposals,,,,TIMETYPE,TIMETYPE,,Quarterly,Quarterly,,,
,..,,,Value,,,,,,,,,,,,,2014 Q2,2014 Q2,,Quarter,,,,,,,,,,,,,,,Companies,Companies,,Transactions in the UK by Foreign Companies,Transactions in the UK by Foreign Companies,,,,Transaction,Transaction,,Disposals,Disposals,,,,TIMETYPE,TIMETYPE,,Quarterly,Quarterly,,,
23.0,,,,Number,,,,,,,,,,,,,2014 Q3,2014 Q3,,Quarter,,,,,,,,,,,,,,,Companies,Companies,,Transactions Abroad by UK Companies,Transactions Abroad by UK Companies,,,,Transaction,Transaction,,Acquisitions,Acquisitions,,,,TIMETYPE,TIMETYPE,,Quarterly,Quarterly,,,
4470.0,,,,Value,,,,,,,,,,,,,2014 Q3,2014 Q3,,Quarter,,,,,,,,,,,,,,,Companies,Companies,,Transactions Abroad by UK Companies,Transactions Abroad by UK Companies,,,,Transaction,Transaction,,Acquisitions,Acquisitions,,,,TIMETYPE,TIMETYPE,,Quarterly,Quarterly,,,
,..,,,Number,,,,,,,,,,,,,2014 Q3,2014 Q3,,Quarter,,,,,,,,,,,,,,,Companies,Companies,,Transactions Abroad by UK Companies,Transactions Abroad by UK Companies,,,,Transaction,Transaction,,Disposals,Disposals,,,,TIMETYPE,TIMETYPE,,Quarterly,Quarterly,,,
,..,,,Value,,,,,,,,,,,,,2014 Q3,2014 Q3,,Quarter,,,,,,,,,,,,,,,Companies,Companies,,Transactions Abroad by UK Companies,Transactions Abroad by UK Companies,,,,Transaction,Transaction,,Disposals,Disposals,,,,TIMETYPE,TIMETYPE,,Quarterly,Quarterly,,,
25.0,,,,Number,,,,,,,,,,,,,2014 Q3,2014 Q3,,Quarter,,,,,,,,,,,,,,,Companies,Companies,,Transactions in the UK by Foreign Companies,Transactions in the UK by Foreign Companies,,,,Transaction,Transaction,,Acquisitions,Acquisitions,,,,TIMETYPE,TIMETYPE,,Quarterly,Quarterly,,,
3668.0,,,,Value,,,,,,,,,,,,,2014 Q3,2014 Q3,,Quarter,,,,,,,,,,,,,,,Companies,Companies,,Transactions in the UK by Foreign Companies,Transactions in the UK by Foreign Companies,,,,Transaction,Transaction,,Acquisitions,Acquisitions,,,,TIMETYPE,TIMETYPE,,Quarterly,Quarterly,,,
9.0,,,,Number,,,,,,,,,,,,,2014 Q3,2014 Q3,,Quarter,,,,,,,,,,,,,,,Companies,Companies,,Transactions in the UK by Foreign Companies,Transactions in the UK by Foreign Companies,,,,Transaction,Transaction,,Disposals,Disposals,,,,TIMETYPE,TIMETYPE,,Quarterly,Quarterly,,,
1280.0,,,,Value,,,,,,,,,,,,,2014 Q3,2014 Q3,,Quarter,,,,,,,,,,,,,,,Companies,Companies,,Transactions in the UK by Foreign Companies,Transactions in the UK by Foreign Companies,,,,Transaction,Transaction,,Disposals,Disposals,,,,TIMETYPE,TIMETYPE,,Quarterly,Quarterly,,,
35.0,,,,Number,,,,,,,,,,,,,2014 Q4,2014 Q4,,Quarter,,,,,,,,,,,,,,,Companies,Companies,,Transactions Abroad by UK Companies,Transactions Abroad by UK Companies,,,,Transaction,Transaction,,Acquisitions,Acquisitions,,,,TIMETYPE,TIMETYPE,,Quarterly,Quarterly,,,
11752.0,,,,Value,,,,,,,,,,,,,2014 Q4,2014 Q4,,Quarter,,,,,,,,,,,,,,,Companies,Companies,,Transactions Abroad by UK Companies,Transactions Abroad by UK Companies,,,,Transaction,Transaction,,Acquisitions,Acquisitions,,,,TIMETYPE,TIMETYPE,,Quarterly,Quarterly,,,
4.0,,,,Number,,,,,,,,,,,,,2014 Q4,2014 Q4,,Quarter,,,,,,,,,,,,,,,Companies,Companies,,Transactions Abroad by UK Companies,Transactions Abroad by UK Companies,,,,Transaction,Transaction,,Disposals,Disposals,,,,TIMETYPE,TIMETYPE,,Quarterly,Quarterly,,,
1323.0,,,,Value,,,,,,,,,,,,,2014 Q4,2014 Q4,,Quarter,,,,,,,,,,,,,,,Companies,Companies,,Transactions Abroad by UK Companies,Transactions Abroad by UK Companies,,,,Transaction,Transaction,,Disposals,Disposals,,,,TIMETYPE,TIMETYPE,,Quarterly,Quarterly,,,
28.0,,,,Number,,,,,,,,,,,,,2014 Q4,2014 Q4,,Quarter,,,,,,,,,,,,,,,Companies,Companies,,Transactions in the UK by Foreign Companies,Transactions in the UK by Foreign Companies,,,,Transaction,Transaction,,Acquisitions,Acquisitions,,,,TIMETYPE,TIMETYPE,,Quarterly,Quarterly,,,
3940.0,,,,Value,,,,,,,,,,,,,2014 Q4,2014 Q4,,Quarter,,,,,,,,,,,,,,,Companies,Companies,,Transactions in the UK by Foreign Companies,Transactions in the UK by Foreign Companies,,,,Transaction,Transaction,,Acquisitions,Acquisitions,,,,TIMETYPE,TIMETYPE,,Quarterly,Quarterly,,,
6.0,,,,Number,,,,,,,,,,,,,2014 Q4,2014 Q4,,Quarter,,,,,,,,,,,,,,,Companies,Companies,,Transactions in the UK by Foreign Companies,Transactions in the UK by Foreign Companies,,,,Transaction,Transaction,,Disposals,Disposals,,,,TIMETYPE,TIMETYPE,,Quarterly,Quarterly,,,
601.0,,,,Value,,,,,,,,,,,,,2014 Q4,2014 Q4,,Quarter,,,,,,,,,,,,,,,Companies,Companies,,Transactions in the UK by Foreign Companies,Transactions in the UK by Foreign Companies,,,,Transaction,Transaction,,Disposals,Disposals,,,,TIMETYPE,TIMETYPE,,Quarterly,Quarterly,,,
48.0,,,,Number,,,,,,,,,,,,,2015 Q1,2015 Q1,,Quarter,,,,,,,,,,,,,,,Companies,Companies,,Transactions Abroad by UK Companies,Transactions Abroad by UK Companies,,,,Transaction,Transaction,,Acquisitions,Acquisitions,,,,TIMETYPE,TIMETYPE,,Quarterly,Quarterly,,,
9372.0,,,,Value,,,,,,,,,,,,,2015 Q1,2015 Q1,,Quarter,,,,,,,,,,,,,,,Companies,Companies,,Transactions Abroad by UK Companies,Transactions Abroad by UK Companies,,,,Transaction,Transaction,,Acquisitions,Acquisitions,,,,TIMETYPE,TIMETYPE,,Quarterly,Quarterly,,,
9.0,,,,Number,,,,,,,,,,,,,2015 Q1,2015 Q1,,Quarter,,,,,,,,,,,,,,,Companies,Companies,,Transactions Abroad by UK Companies,Transactions Abroad by UK Companies,,,,Transaction,Transaction,,Disposals,Disposals,,,,TIMETYPE,TIMETYPE,,Quarterly,Quarterly,,,
5736.0,,,,Value,,,,,,,,,,,,,2015 Q1,2015 Q1,,Quarter,,,,,,,,,,,,,,,Companies,Companies,,Transactions Abroad by UK Companies,Transactions Abroad by UK Companies,,,,Transaction,Transaction,,Disposals,Disposals,,,,TIMETYPE,TIMETYPE,,Quarterly,Quarterly,,,
27.0,,,,Number,,,,,,,,,,,,,2015 Q1,2015 Q1,,Quarter,,,,,,,,,,,,,,,Companies,Companies,,Transactions in the UK by Foreign Companies,Transactions in the UK by Foreign Companies,,,,Transaction,Transaction,,Acquisitions,Acquisitions,,,,TIMETYPE,TIMETYPE,,Quarterly,Quarterly,,,
6001.0,,,,Value,,,,,,,,,,,,,2015 Q1,2015 Q1,,Quarter,,,,,,,,,,,,,,,Companies,Companies,,Transactions in the UK by Foreign Companies,Transactions in the UK by Foreign Companies,,,,Transaction,Transaction,,Acquisitions,Acquisitions,,,,TIMETYPE,TIMETYPE,,Quarterly,Quarterly,,,
6.0,,,,Number,,,,,,,,,,,,,2015 Q1,2015 Q1,,Quarter,,,,,,,,,,,,,,,Companies,Companies,,Transactions in the UK by Foreign Companies,Transactions in the UK by Foreign Companies,,,,Transaction,Transaction,,Disposals,Disposals,,,,TIMETYPE,TIMETYPE,,Quarterly,Quarterly,,,
1082.0,,,,Value,,,,,,,,,,,,,2015 Q1,2015 Q1,,Quarter,,,,,,,,,,,,,,,Companies,Companies,,Transactions in the UK by Foreign Companies,Transactions in the UK by Foreign Companies,,,,Transaction,Transaction,,Disposals,Disposals,,,,TIMETYPE,TIMETYPE,,Quarterly,Quarterly,,,
26.0,,,,Number,,,,,,,,,,,,,2015 Q2,2015 Q2,,Quarter,,,,,,,,,,,,,,,Companies,Companies,,Transactions Abroad by UK Companies,Transactions Abroad by UK Companies,,,,Transaction,Transaction,,Acquisitions,Acquisitions,,,,TIMETYPE,TIMETYPE,,Quarterly,Quarterly,,,
10753.0,,,,Value,,,,,,,,,,,,,2015 Q2,2015 Q2,,Quarter,,,,,,,,,,,,,,,Companies,Companies,,Transactions Abroad by UK Companies,Transactions Abroad by UK Companies,,,,Transaction,Transaction,,Acquisitions,Acquisitions,,,,TIMETYPE,TIMETYPE,,Quarterly,Quarterly,,,
,..,,,Number,,,,,,,,,,,,,2015 Q2,2015 Q2,,Quarter,,,,,,,,,,,,,,,Companies,Companies,,Transactions Abroad by UK Companies,Transactions Abroad by UK Companies,,,,Transaction,Transaction,,Disposals,Disposals,,,,TIMETYPE,TIMETYPE,,Quarterly,Quarterly,,,
,..,,,Value,,,,,,,,,,,,,2015 Q2,2015 Q2,,Quarter,,,,,,,,,,,,,,,Companies,Companies,,Transactions Abroad by UK Companies,Transactions Abroad by UK Companies,,,,Transaction,Transaction,,Disposals,Disposals,,,,TIMETYPE,TIMETYPE,,Quarterly,Quarterly,,,
21.0,,,,Number,,,,,,,,,,,,,2015 Q2,2015 Q2,,Quarter,,,,,,,,,,,,,,,Companies,Companies,,Transactions in the UK by Foreign Companies,Transactions in the UK by Foreign Companies,,,,Transaction,Transaction,,Acquisitions,Acquisitions,,,,TIMETYPE,TIMETYPE,,Quarterly,Quarterly,,,
7927.0,,,,Value,,,,,,,,,,,,,2015 Q2,2015 Q2,,Quarter,,,,,,,,,,,,,,,Companies,Companies,,Transactions in the UK by Foreign Companies,Transactions in the UK by Foreign Companies,,,,Transaction,Transaction,,Acquisitions,Acquisitions,,,,TIMETYPE,TIMETYPE,,Quarterly,Quarterly,,,
11.0,,,,Number,,,,,,,,,,,,,2015 Q2,2015 Q2,,Quarter,,,,,,,,,,,,,,,Companies,Companies,,Transactions in the UK by Foreign Companies,Transactions in the UK by Foreign Companies,,,,Transaction,Transaction,,Disposals,Disposals,,,,TIMETYPE,TIMETYPE,,Quarterly,Quarterly,,,
2528.0,,,,Value,,,,,,,,,,,,,2015 Q2,2015 Q2,,Quarter,,,,,,,,,,,,,,,Companies,Companies,,Transactions in the UK by Foreign Companies,Transactions in the UK by Foreign Companies,,,,Transaction,Transaction,,Disposals,Disposals,,,,TIMETYPE,TIMETYPE,,Quarterly,Quarterly,,,
*********,304
